-- phpMyAdmin SQL Dump
-- version 5.1.1
-- https://www.phpmyadmin.net/
--
-- Host: 127.0.0.1
-- Czas generowania: 22 Gru 2021, 21:15
-- Wersja serwera: 10.4.20-MariaDB
-- Wersja PHP: 7.3.29

SET SQL_MODE = "NO_AUTO_VALUE_ON_ZERO";
START TRANSACTION;
SET time_zone = "+00:00";


/*!40101 SET @OLD_CHARACTER_SET_CLIENT=@@CHARACTER_SET_CLIENT */;
/*!40101 SET @OLD_CHARACTER_SET_RESULTS=@@CHARACTER_SET_RESULTS */;
/*!40101 SET @OLD_COLLATION_CONNECTION=@@COLLATION_CONNECTION */;
/*!40101 SET NAMES utf8mb4 */;

--
-- Baza danych: `asec_magazyn`
--
DROP DATABASE IF EXISTS `asec_magazyn`;
CREATE DATABASE IF NOT EXISTS `asec_magazyn` DEFAULT CHARACTER SET utf8 COLLATE utf8_general_ci;
USE `asec_magazyn`;

-- --------------------------------------------------------

--
-- Struktura tabeli dla tabeli `arrivals`
--

DROP TABLE IF EXISTS `arrivals`;
CREATE TABLE `arrivals` (
  `id` int(11) NOT NULL,
  `arrival_type_id` int(11) NOT NULL,
  `document_name` varchar(255) COLLATE latin2_bin NOT NULL,
  `storage_id` int(11) NOT NULL,
  `create_user_id` int(11) NOT NULL,
  `accept_user_id` int(11) DEFAULT NULL,
  `release_user_id` int(11) DEFAULT NULL,
  `create_date` datetime NOT NULL,
  `accept_date` datetime NOT NULL,
  `release_date` datetime NOT NULL,
  `mennica_service_accept` enum('0','1') COLLATE latin2_bin NOT NULL DEFAULT '0'
) ENGINE=InnoDB DEFAULT CHARSET=latin2 COLLATE=latin2_bin;

--
-- Zrzut danych tabeli `arrivals`
--

INSERT INTO `arrivals` (`id`, `arrival_type_id`, `document_name`, `storage_id`, `create_user_id`, `accept_user_id`, `release_user_id`, `create_date`, `accept_date`, `release_date`, `mennica_service_accept`) VALUES
(1, 1, 'WA1/N/01/2021', 1, 3, 3, NULL, '2021-08-20 12:51:37', '2021-08-20 12:52:21', '0000-00-00 00:00:00', '0'),
(2, 1, 'WA1/N/02/2021', 1, 3, 3, NULL, '2021-08-20 14:06:37', '2021-08-20 14:06:54', '0000-00-00 00:00:00', '0'),
(3, 1, 'WA1/N/03/2021', 1, 3, 3, NULL, '2021-08-20 16:40:41', '2021-08-20 16:40:55', '0000-00-00 00:00:00', '0'),
(4, 1, 'WA1/N/04/2021', 1, 3, 3, NULL, '2021-08-23 10:07:56', '2021-08-23 10:08:13', '0000-00-00 00:00:00', '0'),
(5, 1, 'WA1/N/05/2021', 1, 3, 3, NULL, '2021-08-23 10:18:14', '2021-08-23 10:18:31', '0000-00-00 00:00:00', '0'),
(6, 1, 'WA1/N/06/2021', 1, 3, 3, NULL, '2021-08-23 10:26:11', '2021-08-23 10:28:43', '0000-00-00 00:00:00', '0'),
(7, 1, 'WA1/N/07/2021', 1, 3, 3, NULL, '2021-08-23 10:28:28', '2021-08-23 10:28:52', '0000-00-00 00:00:00', '0'),
(8, 1, 'WA1/N/08/2021', 1, 3, 3, NULL, '2021-08-23 10:39:22', '2021-08-23 10:39:36', '0000-00-00 00:00:00', '0'),
(9, 1, 'WA1/N/09/2021', 1, 3, 3, NULL, '2021-08-23 10:45:42', '2021-08-23 10:45:55', '0000-00-00 00:00:00', '0'),
(10, 1, 'WA1/N/10/2021', 1, 3, 3, NULL, '2021-08-23 12:15:23', '2021-08-23 12:15:37', '0000-00-00 00:00:00', '0'),
(11, 1, 'WA1/N/11/2021', 1, 3, 3, NULL, '2021-08-23 12:43:11', '2021-08-23 12:44:16', '0000-00-00 00:00:00', '0'),
(12, 1, 'WA1/N/12/2021', 1, 3, 3, NULL, '2021-08-23 13:04:39', '2021-08-23 13:28:52', '0000-00-00 00:00:00', '0'),
(13, 1, 'WA1/N/13/2021', 1, 3, 3, NULL, '2021-08-23 13:22:32', '2021-08-23 13:29:02', '0000-00-00 00:00:00', '0'),
(14, 1, 'WA1/N/14/2021', 1, 3, 3, NULL, '2021-08-23 13:28:33', '2021-08-23 13:29:11', '0000-00-00 00:00:00', '0'),
(15, 1, 'WA1/N/15/2021', 1, 3, 3, NULL, '2021-08-23 13:35:03', '2021-08-23 13:35:49', '0000-00-00 00:00:00', '0'),
(16, 1, 'WA1/N/16/2021', 1, 3, 3, NULL, '2021-08-23 13:38:48', '2021-08-23 13:40:33', '0000-00-00 00:00:00', '0'),
(17, 1, 'WA1/N/17/2021', 1, 3, 3, NULL, '2021-08-23 13:43:37', '2021-08-23 13:43:54', '0000-00-00 00:00:00', '0'),
(18, 1, 'WA1/N/18/2021', 1, 3, 3, NULL, '2021-08-23 13:48:07', '2021-08-23 13:50:18', '0000-00-00 00:00:00', '0'),
(19, 1, 'WA1/N/19/2021', 1, 3, 3, NULL, '2021-08-23 13:50:02', '2021-08-23 13:50:43', '0000-00-00 00:00:00', '0'),
(20, 1, 'WA1/N/20/2021', 1, 3, 3, NULL, '2021-08-23 13:55:46', '2021-08-23 13:56:05', '0000-00-00 00:00:00', '0'),
(21, 1, 'WA1/N/21/2021', 1, 3, 3, NULL, '2021-08-23 14:06:38', '2021-08-23 14:12:37', '0000-00-00 00:00:00', '0'),
(22, 1, 'WA1/N/22/2021', 1, 3, 3, NULL, '2021-08-23 14:19:05', '2021-08-23 14:19:48', '0000-00-00 00:00:00', '0'),
(23, 1, 'WA1/N/23/2021', 1, 3, 3, NULL, '2021-08-23 14:27:43', '2021-08-23 14:39:23', '0000-00-00 00:00:00', '0'),
(24, 1, 'WA1/N/24/2021', 1, 3, 3, NULL, '2021-08-23 14:37:41', '2021-08-23 14:39:34', '0000-00-00 00:00:00', '0'),
(25, 1, 'WA1/N/25/2021', 1, 3, 3, NULL, '2021-08-23 15:00:59', '2021-08-23 15:02:24', '0000-00-00 00:00:00', '0'),
(26, 1, 'WA1/N/26/2021', 1, 3, 3, NULL, '2021-08-23 15:20:32', '2021-08-23 15:21:07', '0000-00-00 00:00:00', '0'),
(27, 1, 'WA1/N/27/2021', 1, 3, 3, NULL, '2021-08-23 15:27:29', '2021-08-23 15:30:52', '0000-00-00 00:00:00', '0'),
(28, 1, 'WA1/N/28/2021', 1, 3, 3, NULL, '2021-08-23 15:36:49', '2021-08-23 15:37:06', '0000-00-00 00:00:00', '0'),
(29, 1, 'WA1/N/29/2021', 1, 3, 3, NULL, '2021-08-23 15:44:31', '2021-08-23 15:45:01', '0000-00-00 00:00:00', '0'),
(30, 1, 'WA1/N/30/2021', 1, 3, 3, NULL, '2021-08-23 15:48:39', '2021-08-23 15:48:55', '0000-00-00 00:00:00', '0'),
(31, 1, 'WA1/N/31/2021', 1, 3, 3, NULL, '2021-08-23 15:52:44', '2021-08-23 15:53:02', '0000-00-00 00:00:00', '0'),
(32, 1, 'WA1/N/32/2021', 1, 3, 3, NULL, '2021-08-23 16:02:10', '2021-08-23 16:04:51', '0000-00-00 00:00:00', '0'),
(33, 1, 'WA1/N/33/2021', 1, 3, 3, NULL, '2021-08-23 16:04:35', '2021-08-23 16:04:59', '0000-00-00 00:00:00', '0'),
(34, 1, 'WA1/N/34/2021', 1, 3, 3, NULL, '2021-08-23 16:09:24', '2021-08-23 16:09:44', '0000-00-00 00:00:00', '0'),
(35, 1, 'WA1/N/35/2021', 1, 3, 3, NULL, '2021-08-23 16:15:54', '2021-08-23 16:18:16', '0000-00-00 00:00:00', '0'),
(36, 1, 'WA1/N/36/2021', 1, 3, 3, NULL, '2021-08-23 16:17:34', '2021-08-23 16:18:30', '0000-00-00 00:00:00', '0'),
(37, 1, 'WA1/N/37/2021', 1, 3, 3, NULL, '2021-08-23 16:26:18', '2021-08-23 16:26:46', '0000-00-00 00:00:00', '0'),
(38, 1, 'WA1/N/38/2021', 1, 3, 3, NULL, '2021-08-23 16:30:39', '2021-08-23 16:30:55', '0000-00-00 00:00:00', '0'),
(39, 1, 'WA1/N/39/2021', 1, 3, 3, NULL, '2021-08-23 16:38:36', '2021-08-23 16:38:55', '0000-00-00 00:00:00', '0'),
(40, 1, 'WA1/N/40/2021', 1, 3, 3, NULL, '2021-08-23 16:43:30', '2021-08-23 16:43:49', '0000-00-00 00:00:00', '0'),
(41, 1, 'WA1/N/41/2021', 1, 3, 3, NULL, '2021-08-23 16:59:52', '2021-08-23 17:00:17', '0000-00-00 00:00:00', '0'),
(42, 1, 'WA1/N/42/2021', 1, 3, 3, NULL, '2021-08-23 17:09:22', '2021-08-23 17:19:31', '0000-00-00 00:00:00', '0'),
(43, 1, 'WA1/N/43/2021', 1, 3, 3, NULL, '2021-08-23 17:17:26', '2021-08-23 17:19:43', '0000-00-00 00:00:00', '0'),
(44, 1, 'WA1/N/44/2021', 1, 3, 3, NULL, '2021-08-23 17:17:52', '2021-08-23 17:19:55', '0000-00-00 00:00:00', '0'),
(45, 1, 'WA1/N/45/2021', 1, 3, 3, NULL, '2021-08-24 10:36:00', '2021-08-24 10:36:16', '0000-00-00 00:00:00', '0'),
(46, 1, 'WA1/N/46/2021', 1, 3, 3, NULL, '2021-08-24 11:13:34', '2021-08-24 11:13:50', '0000-00-00 00:00:00', '0'),
(47, 1, 'WA1/N/47/2021', 1, 3, 3, NULL, '2021-08-24 11:15:45', '2021-08-24 11:15:58', '0000-00-00 00:00:00', '0'),
(48, 1, 'WA1/N/48/2021', 1, 3, 3, NULL, '2021-08-24 11:18:17', '2021-08-24 11:18:36', '0000-00-00 00:00:00', '0'),
(49, 1, 'WA1/N/49/2021', 1, 3, 3, NULL, '2021-08-26 11:20:01', '2021-08-26 11:20:15', '0000-00-00 00:00:00', '0'),
(50, 1, 'WA1/N/50/2021', 1, 3, 3, NULL, '2021-08-28 18:38:23', '2021-08-28 18:38:39', '0000-00-00 00:00:00', '0'),
(51, 1, 'WA1/N/51/2021', 1, 3, 3, NULL, '2021-08-30 08:13:12', '2021-08-30 08:14:47', '0000-00-00 00:00:00', '0'),
(52, 1, 'WA1/N/52/2021', 1, 3, 3, NULL, '2021-08-31 08:27:53', '2021-08-31 08:28:20', '0000-00-00 00:00:00', '0'),
(53, 1, 'WA1/N/53/2021', 1, 3, 3, NULL, '2021-08-31 09:41:47', '2021-08-31 09:42:04', '0000-00-00 00:00:00', '0'),
(54, 1, 'WA1/N/54/2021', 1, 3, 3, NULL, '2021-09-01 07:11:27', '2021-09-01 07:12:42', '0000-00-00 00:00:00', '0'),
(55, 1, 'WA1/N/55/2021', 1, 3, 3, NULL, '2021-09-01 07:12:29', '2021-09-01 07:12:51', '0000-00-00 00:00:00', '0'),
(56, 1, 'WA1/N/56/2021', 1, 3, 3, NULL, '2021-09-08 18:17:51', '2021-09-08 18:27:16', '0000-00-00 00:00:00', '0'),
(57, 1, 'WA1/N/57/2021', 1, 3, 3, NULL, '2021-09-08 18:18:21', '2021-09-08 18:27:33', '0000-00-00 00:00:00', '0'),
(58, 2, 'WA1/WYD/01/2021', 1, 6, NULL, 6, '2021-11-05 13:34:00', '0000-00-00 00:00:00', '2021-11-05 13:34:00', '0'),
(59, 5, 'WA1/U/01/2021', 1, 2, 2, NULL, '2021-11-05 13:42:46', '2021-11-05 13:42:46', '0000-00-00 00:00:00', '1'),
(60, 2, 'WA1/WYD/02/2021', 1, 6, NULL, 6, '2021-11-05 14:29:21', '0000-00-00 00:00:00', '2021-11-05 14:29:21', '0'),
(61, 5, 'WA1/U/01/2021', 1, 2, 2, NULL, '2021-11-05 14:30:47', '2021-11-05 14:30:47', '0000-00-00 00:00:00', '1'),
(62, 1, 'WA1/N/58/2021', 1, 3, 3, NULL, '2021-11-10 22:29:15', '2021-11-10 22:29:33', '0000-00-00 00:00:00', '0'),
(63, 1, 'WA1/N/59/2021', 1, 3, 3, NULL, '2021-11-15 10:01:18', '2021-11-15 10:08:18', '0000-00-00 00:00:00', '0'),
(64, 1, 'WA1/N/60/2021', 1, 3, 3, NULL, '2021-11-15 10:05:13', '2021-11-15 10:08:25', '0000-00-00 00:00:00', '0'),
(65, 1, 'WA1/N/61/2021', 1, 3, 3, NULL, '2021-11-15 10:06:58', '2021-11-15 10:08:33', '0000-00-00 00:00:00', '0'),
(66, 1, 'WA1/N/62/2021', 1, 3, 3, NULL, '2021-11-15 10:15:01', '2021-11-15 10:15:14', '0000-00-00 00:00:00', '0'),
(67, 1, 'WA1/N/63/2021', 1, 3, 3, NULL, '2021-11-15 10:20:05', '2021-11-15 10:32:28', '0000-00-00 00:00:00', '0'),
(68, 1, 'WA1/N/64/2021', 1, 3, 3, NULL, '2021-11-15 10:23:24', '2021-11-15 10:32:35', '0000-00-00 00:00:00', '0'),
(69, 1, 'WA1/N/65/2021', 1, 3, 3, NULL, '2021-11-15 10:31:49', '2021-11-15 10:32:46', '0000-00-00 00:00:00', '0'),
(70, 1, 'WA1/N/66/2021', 1, 3, 3, NULL, '2021-11-15 10:35:02', '2021-11-15 10:35:13', '0000-00-00 00:00:00', '0'),
(71, 1, 'WA1/N/67/2021', 1, 3, 3, NULL, '2021-11-15 10:44:46', '2021-11-15 10:53:03', '0000-00-00 00:00:00', '0'),
(72, 1, 'WA1/N/68/2021', 1, 3, 3, NULL, '2021-11-15 10:47:40', '2021-11-15 10:53:11', '0000-00-00 00:00:00', '0'),
(73, 1, 'WA1/N/69/2021', 1, 3, 3, NULL, '2021-11-15 10:49:55', '2021-11-15 10:53:17', '0000-00-00 00:00:00', '0'),
(74, 1, 'WA1/N/70/2021', 1, 3, 3, NULL, '2021-11-15 10:52:43', '2021-11-15 10:53:24', '0000-00-00 00:00:00', '0'),
(75, 1, 'WA1/N/71/2021', 1, 3, 3, NULL, '2021-11-15 12:16:19', '2021-11-15 12:39:22', '0000-00-00 00:00:00', '0'),
(76, 1, 'WA1/N/72/2021', 1, 3, 3, NULL, '2021-11-15 12:19:20', '2021-11-15 12:39:30', '0000-00-00 00:00:00', '0'),
(77, 1, 'WA1/N/73/2021', 1, 3, 3, NULL, '2021-11-15 12:31:34', '2021-11-15 12:39:39', '0000-00-00 00:00:00', '0'),
(78, 1, 'WA1/N/74/2021', 1, 3, 3, NULL, '2021-11-15 12:39:04', '2021-11-15 12:39:47', '0000-00-00 00:00:00', '0'),
(79, 1, 'WA1/N/75/2021', 1, 3, 3, NULL, '2021-11-15 12:46:39', '2021-11-15 12:50:11', '0000-00-00 00:00:00', '0'),
(80, 1, 'WA1/N/76/2021', 1, 3, 3, NULL, '2021-11-15 12:49:56', '2021-11-15 12:50:18', '0000-00-00 00:00:00', '0'),
(81, 1, 'WA1/N/77/2021', 1, 3, 3, NULL, '2021-11-15 12:54:35', '2021-11-15 12:55:17', '0000-00-00 00:00:00', '0'),
(82, 1, 'WA1/N/78/2021', 1, 3, 3, NULL, '2021-11-15 12:59:50', '2021-11-15 13:00:01', '0000-00-00 00:00:00', '0'),
(83, 1, 'WA1/N/79/2021', 1, 3, 3, NULL, '2021-11-15 13:07:36', '2021-11-15 13:07:47', '0000-00-00 00:00:00', '0'),
(84, 1, 'WA1/N/80/2021', 1, 3, 3, NULL, '2021-11-15 13:10:46', '2021-11-15 13:26:11', '0000-00-00 00:00:00', '0'),
(85, 1, 'WA1/N/81/2021', 1, 3, 3, NULL, '2021-11-15 13:17:37', '2021-11-15 13:26:22', '0000-00-00 00:00:00', '0'),
(86, 1, 'WA1/N/82/2021', 1, 3, 3, NULL, '2021-11-15 13:25:17', '2021-11-15 13:26:31', '0000-00-00 00:00:00', '0'),
(87, 1, 'WA1/N/83/2021', 1, 3, 3, NULL, '2021-11-15 13:32:20', '2021-11-15 13:36:55', '0000-00-00 00:00:00', '0'),
(88, 1, 'WA1/N/84/2021', 1, 3, 3, NULL, '2021-11-15 13:38:35', '2021-11-15 13:38:51', '0000-00-00 00:00:00', '0'),
(89, 1, 'WA1/N/85/2021', 1, 3, 3, NULL, '2021-11-15 13:41:22', '2021-11-15 13:41:36', '0000-00-00 00:00:00', '0'),
(90, 1, 'WA1/N/86/2021', 1, 3, 3, NULL, '2021-11-15 13:46:26', '2021-11-15 13:47:29', '0000-00-00 00:00:00', '0'),
(91, 1, 'WA1/N/87/2021', 1, 3, 3, NULL, '2021-11-15 14:07:28', '2021-11-15 14:08:14', '0000-00-00 00:00:00', '0'),
(92, 1, 'WA1/N/88/2021', 1, 3, 3, NULL, '2021-11-15 14:08:50', '2021-11-15 14:19:24', '0000-00-00 00:00:00', '0'),
(93, 1, 'WA1/N/89/2021', 1, 3, 3, NULL, '2021-11-15 14:11:05', '2021-11-15 14:19:35', '0000-00-00 00:00:00', '0'),
(94, 1, 'WA1/N/90/2021', 1, 3, 3, NULL, '2021-11-15 14:19:09', '2021-11-15 14:19:51', '0000-00-00 00:00:00', '0'),
(95, 1, 'WA1/N/91/2021', 1, 3, 3, NULL, '2021-11-15 14:24:48', '2021-11-15 14:28:08', '0000-00-00 00:00:00', '0'),
(96, 1, 'WA1/N/92/2021', 1, 3, 3, NULL, '2021-11-15 14:30:00', '2021-11-15 14:30:35', '0000-00-00 00:00:00', '0'),
(97, 1, 'WA1/N/93/2021', 1, 3, 3, NULL, '2021-11-15 14:32:03', '2021-11-15 14:36:06', '0000-00-00 00:00:00', '0'),
(98, 1, 'WA1/N/94/2021', 1, 3, 2, NULL, '2021-11-15 14:33:22', '2021-11-15 14:39:08', '0000-00-00 00:00:00', '0'),
(99, 1, 'WA1/N/95/2021', 1, 3, 2, NULL, '2021-11-15 14:35:51', '2021-11-15 14:39:20', '0000-00-00 00:00:00', '0'),
(100, 1, 'WA1/N/96/2021', 1, 3, 2, NULL, '2021-11-15 14:37:11', '2021-11-15 14:39:44', '0000-00-00 00:00:00', '0'),
(101, 1, 'WA1/N/97/2021', 1, 3, 2, NULL, '2021-11-15 14:38:34', '2021-11-15 14:40:05', '0000-00-00 00:00:00', '0'),
(102, 1, 'WA1/N/100/2021', 1, 3, 2, NULL, '2021-11-15 14:49:36', '2021-11-15 14:53:34', '0000-00-00 00:00:00', '0'),
(103, 1, 'WA1/N/101/2021', 1, 3, 2, NULL, '2021-11-15 14:52:10', '2021-11-15 14:53:43', '0000-00-00 00:00:00', '0'),
(104, 1, 'WA1/N/102/2021', 1, 3, 2, NULL, '2021-11-15 14:52:48', '2021-11-15 14:53:57', '0000-00-00 00:00:00', '0'),
(105, 1, 'WA1/N/98/2021', 1, 3, 2, NULL, '2021-11-15 14:43:26', '2021-11-15 14:54:10', '0000-00-00 00:00:00', '0'),
(106, 1, 'WA1/N/99/2021', 1, 3, 2, NULL, '2021-11-15 14:46:47', '2021-11-15 14:54:22', '0000-00-00 00:00:00', '0'),
(107, 1, 'WA1/N/103/2021', 1, 3, 2, NULL, '2021-11-15 14:55:20', '2021-11-15 14:59:10', '0000-00-00 00:00:00', '0'),
(108, 1, 'WA1/N/104/2021', 1, 3, 2, NULL, '2021-11-15 14:57:25', '2021-11-15 14:59:20', '0000-00-00 00:00:00', '0'),
(109, 1, 'WA1/N/105/2021', 1, 3, 2, NULL, '2021-11-15 14:58:17', '2021-11-15 14:59:40', '0000-00-00 00:00:00', '0'),
(110, 1, 'WA1/N/106/2021', 1, 3, 2, NULL, '2021-11-15 14:59:25', '2021-11-15 15:00:15', '0000-00-00 00:00:00', '0'),
(111, 1, 'WA1/N/107/2021', 1, 3, 2, NULL, '2021-11-15 15:00:47', '2021-11-15 15:05:12', '0000-00-00 00:00:00', '0'),
(112, 1, 'WA1/N/108/2021', 1, 3, 2, NULL, '2021-11-15 15:02:08', '2021-11-15 15:05:21', '0000-00-00 00:00:00', '0'),
(113, 1, 'WA1/N/109/2021', 1, 3, 2, NULL, '2021-11-15 15:12:25', '2021-11-15 15:18:05', '0000-00-00 00:00:00', '0'),
(114, 1, 'WA1/N/110/2021', 1, 3, 2, NULL, '2021-11-15 15:13:22', '2021-11-15 15:18:13', '0000-00-00 00:00:00', '0'),
(115, 1, 'WA1/N/111/2021', 1, 3, 2, NULL, '2021-11-15 15:14:22', '2021-11-15 15:18:21', '0000-00-00 00:00:00', '0'),
(116, 1, 'WA1/N/112/2021', 1, 3, 2, NULL, '2021-11-15 15:17:34', '2021-11-15 15:18:29', '0000-00-00 00:00:00', '0'),
(117, 1, 'WA1/N/113/2021', 1, 3, 2, NULL, '2021-11-15 15:19:10', '2021-11-15 15:43:42', '0000-00-00 00:00:00', '0'),
(118, 1, 'WA1/N/114/2021', 1, 3, 2, NULL, '2021-11-15 15:21:38', '2021-11-15 15:43:52', '0000-00-00 00:00:00', '0'),
(119, 1, 'WA1/N/115/2021', 1, 3, 2, NULL, '2021-11-15 15:24:10', '2021-11-15 15:46:38', '0000-00-00 00:00:00', '0'),
(120, 1, 'WA1/N/116/2021', 1, 3, 2, NULL, '2021-11-15 15:24:46', '2021-11-15 15:46:47', '0000-00-00 00:00:00', '0'),
(121, 1, 'WA1/N/117/2021', 1, 3, 2, NULL, '2021-11-15 15:28:33', '2021-11-15 15:46:56', '0000-00-00 00:00:00', '0'),
(122, 1, 'WA1/N/118/2021', 1, 3, 2, NULL, '2021-11-15 15:30:26', '2021-11-15 15:47:04', '0000-00-00 00:00:00', '0'),
(123, 1, 'WA1/N/119/2021', 1, 3, 2, NULL, '2021-11-15 15:32:49', '2021-11-15 15:47:19', '0000-00-00 00:00:00', '0'),
(124, 1, 'WA1/N/120/2021', 1, 3, 2, NULL, '2021-11-15 15:37:17', '2021-11-15 15:47:34', '0000-00-00 00:00:00', '0'),
(125, 1, 'WA1/N/121/2021', 1, 3, 2, NULL, '2021-11-15 15:51:13', '2021-11-15 15:54:10', '0000-00-00 00:00:00', '0'),
(126, 1, 'WA1/N/122/2021', 1, 3, 2, NULL, '2021-11-15 15:52:01', '2021-11-15 15:54:21', '0000-00-00 00:00:00', '0'),
(127, 1, 'WA1/N/123/2021', 1, 3, 2, NULL, '2021-11-15 15:55:03', '2021-11-15 16:12:24', '0000-00-00 00:00:00', '0'),
(128, 1, 'WA1/N/124/2021', 1, 3, 2, NULL, '2021-11-15 16:13:06', '2021-11-15 16:28:48', '0000-00-00 00:00:00', '0'),
(129, 1, 'WA1/N/125/2021', 1, 3, 2, NULL, '2021-11-15 16:14:26', '2021-11-15 16:28:57', '0000-00-00 00:00:00', '0'),
(130, 1, 'WA1/N/126/2021', 1, 3, 2, NULL, '2021-11-15 16:15:39', '2021-11-15 16:29:05', '0000-00-00 00:00:00', '0'),
(131, 1, 'WA1/N/127/2021', 1, 3, 2, NULL, '2021-11-15 16:16:30', '2021-11-15 16:29:13', '0000-00-00 00:00:00', '0'),
(132, 1, 'WA1/N/128/2021', 1, 3, 2, NULL, '2021-11-15 16:18:02', '2021-11-15 16:29:21', '0000-00-00 00:00:00', '0'),
(133, 1, 'WA1/N/129/2021', 1, 3, 2, NULL, '2021-11-15 16:21:05', '2021-11-15 16:29:29', '0000-00-00 00:00:00', '0'),
(134, 1, 'WA1/N/130/2021', 1, 3, 2, NULL, '2021-11-15 16:23:31', '2021-11-15 16:29:38', '0000-00-00 00:00:00', '0'),
(135, 1, 'WA1/N/131/2021', 1, 3, 2, NULL, '2021-11-15 16:25:03', '2021-11-15 16:29:48', '0000-00-00 00:00:00', '0'),
(136, 1, 'WA1/N/132/2021', 1, 3, 2, NULL, '2021-11-15 16:26:10', '2021-11-15 16:29:55', '0000-00-00 00:00:00', '0'),
(137, 1, 'WA1/N/133/2021', 1, 3, 2, NULL, '2021-11-15 16:31:36', '2021-11-15 16:45:39', '0000-00-00 00:00:00', '0'),
(138, 1, 'WA1/N/134/2021', 1, 3, 2, NULL, '2021-11-15 16:35:09', '2021-11-15 16:45:48', '0000-00-00 00:00:00', '0'),
(139, 1, 'WA1/N/135/2021', 1, 3, 2, NULL, '2021-11-15 16:36:40', '2021-11-15 16:46:02', '0000-00-00 00:00:00', '0'),
(140, 1, 'WA1/N/136/2021', 1, 3, 2, NULL, '2021-11-15 16:41:18', '2021-11-15 16:46:15', '0000-00-00 00:00:00', '0'),
(141, 1, 'WA1/N/137/2021', 1, 3, 2, NULL, '2021-11-15 16:53:06', '2021-11-15 16:53:42', '0000-00-00 00:00:00', '0'),
(142, 1, 'WA1/N/138/2021', 1, 3, 2, NULL, '2021-11-15 17:00:22', '2021-11-15 17:01:17', '0000-00-00 00:00:00', '0'),
(143, 1, 'WA1/N/139/2021', 1, 3, 2, NULL, '2021-11-16 09:17:41', '2021-11-16 09:20:44', '0000-00-00 00:00:00', '0'),
(144, 1, 'WA1/N/140/2021', 1, 3, 2, NULL, '2021-11-16 09:21:55', '2021-11-16 09:41:53', '0000-00-00 00:00:00', '0'),
(145, 1, 'WA1/N/141/2021', 1, 3, 2, NULL, '2021-11-16 09:22:35', '2021-11-16 09:42:03', '0000-00-00 00:00:00', '0'),
(146, 1, 'WA1/N/142/2021', 1, 3, 2, NULL, '2021-11-16 09:32:51', '2021-11-16 09:42:13', '0000-00-00 00:00:00', '0'),
(147, 1, 'WA1/N/143/2021', 1, 3, 2, NULL, '2021-11-16 09:34:34', '2021-11-16 09:42:23', '0000-00-00 00:00:00', '0'),
(148, 1, 'WA1/N/144/2021', 1, 3, 2, NULL, '2021-11-16 09:36:54', '2021-11-16 09:42:31', '0000-00-00 00:00:00', '0'),
(149, 1, 'WA1/N/145/2021', 1, 3, 2, NULL, '2021-11-16 09:38:08', '2021-11-16 09:42:40', '0000-00-00 00:00:00', '0'),
(150, 1, 'WA1/N/146/2021', 1, 3, 2, NULL, '2021-11-16 09:39:18', '2021-11-16 09:42:48', '0000-00-00 00:00:00', '0'),
(151, 1, 'WA1/N/147/2021', 1, 3, 2, NULL, '2021-11-16 09:41:36', '2021-11-16 09:42:56', '0000-00-00 00:00:00', '0'),
(152, 1, 'WA1/N/148/2021', 1, 3, 2, NULL, '2021-11-16 09:46:43', '2021-11-16 09:55:24', '0000-00-00 00:00:00', '0'),
(153, 1, 'WA1/N/149/2021', 1, 3, 2, NULL, '2021-11-16 09:48:40', '2021-11-16 09:55:39', '0000-00-00 00:00:00', '0'),
(154, 1, 'WA1/N/150/2021', 1, 3, 2, NULL, '2021-11-16 09:53:16', '2021-11-16 09:55:48', '0000-00-00 00:00:00', '0'),
(155, 1, 'WA1/N/151/2021', 1, 3, 2, NULL, '2021-11-16 09:55:11', '2021-11-16 09:55:57', '0000-00-00 00:00:00', '0'),
(156, 1, 'WA1/N/152/2021', 1, 3, 2, NULL, '2021-11-16 09:56:46', '2021-11-16 11:02:47', '0000-00-00 00:00:00', '0'),
(157, 1, 'WA1/N/153/2021', 1, 3, 2, NULL, '2021-11-16 10:02:08', '2021-11-16 11:02:56', '0000-00-00 00:00:00', '0'),
(158, 1, 'WA1/N/154/2021', 1, 3, 2, NULL, '2021-11-16 10:04:16', '2021-11-16 11:03:05', '0000-00-00 00:00:00', '0'),
(159, 1, 'WA1/N/155/2021', 1, 3, 2, NULL, '2021-11-16 10:12:17', '2021-11-16 11:03:15', '0000-00-00 00:00:00', '0'),
(160, 1, 'WA1/N/156/2021', 1, 3, 2, NULL, '2021-11-16 10:22:24', '2021-11-16 11:03:26', '0000-00-00 00:00:00', '0'),
(161, 1, 'WA1/N/157/2021', 1, 3, 2, NULL, '2021-11-16 10:30:11', '2021-11-16 11:03:33', '0000-00-00 00:00:00', '0'),
(162, 1, 'WA1/N/158/2021', 1, 3, 2, NULL, '2021-11-16 10:32:46', '2021-11-16 11:03:42', '0000-00-00 00:00:00', '0'),
(163, 1, 'WA1/N/159/2021', 1, 3, 2, NULL, '2021-11-16 10:35:19', '2021-11-16 11:03:52', '0000-00-00 00:00:00', '0'),
(164, 1, 'WA1/N/160/2021', 1, 3, 2, NULL, '2021-11-16 11:04:06', '2021-11-16 11:33:08', '0000-00-00 00:00:00', '0'),
(165, 1, 'WA1/N/161/2021', 1, 3, 2, NULL, '2021-11-16 11:08:43', '2021-11-16 11:33:17', '0000-00-00 00:00:00', '0'),
(166, 1, 'WA1/N/162/2021', 1, 3, 2, NULL, '2021-11-16 11:19:35', '2021-11-16 11:33:29', '0000-00-00 00:00:00', '0'),
(167, 1, 'WA1/N/163/2021', 1, 3, 2, NULL, '2021-11-16 11:28:42', '2021-11-16 11:33:38', '0000-00-00 00:00:00', '0'),
(168, 1, 'WA1/N/164/2021', 1, 3, 2, NULL, '2021-11-16 11:32:06', '2021-11-16 11:33:46', '0000-00-00 00:00:00', '0'),
(169, 1, 'WA1/N/165/2021', 1, 3, 3, NULL, '2021-11-16 12:14:14', '2021-11-16 12:19:34', '0000-00-00 00:00:00', '0'),
(170, 1, 'WA1/N/166/2021', 1, 3, 2, NULL, '2021-11-16 12:19:57', '2021-11-16 12:21:58', '0000-00-00 00:00:00', '0'),
(171, 2, 'WA1/WYD/03/2021', 1, 3, NULL, 6, '2021-11-16 12:29:12', '0000-00-00 00:00:00', '2021-11-16 12:29:12', '0'),
(172, 1, 'WA1/N/167/2021', 1, 3, 2, NULL, '2021-11-16 12:21:56', '2021-11-16 12:29:52', '0000-00-00 00:00:00', '0'),
(173, 1, 'WA1/N/168/2021', 1, 3, 3, NULL, '2021-11-16 12:23:10', '2021-11-16 12:57:48', '0000-00-00 00:00:00', '0'),
(174, 0, '', 0, 0, 2, NULL, '0000-00-00 00:00:00', '2021-11-16 13:00:01', '0000-00-00 00:00:00', '0'),
(175, 1, 'WA1/N/169/2021', 1, 3, 2, NULL, '2021-11-16 12:25:38', '2021-11-16 13:00:11', '0000-00-00 00:00:00', '0'),
(176, 1, 'WA1/N/170/2021', 1, 3, 2, NULL, '2021-11-16 12:26:47', '2021-11-16 13:00:21', '0000-00-00 00:00:00', '0'),
(177, 1, 'WA1/N/171/2021', 1, 3, 2, NULL, '2021-11-16 12:29:29', '2021-11-16 13:00:29', '0000-00-00 00:00:00', '0'),
(178, 1, 'WA1/N/172/2021', 1, 3, 2, NULL, '2021-11-16 12:50:12', '2021-11-16 13:00:37', '0000-00-00 00:00:00', '0'),
(179, 1, 'WA1/N/173/2021', 1, 3, 2, NULL, '2021-11-16 12:57:33', '2021-11-16 13:00:45', '0000-00-00 00:00:00', '0'),
(180, 1, 'WA1/N/174/2021', 1, 3, 2, NULL, '2021-11-16 12:59:48', '2021-11-16 13:00:58', '0000-00-00 00:00:00', '0'),
(181, 1, 'WA1/N/175/2021', 1, 3, 2, NULL, '2021-11-16 13:02:40', '2021-11-16 13:28:04', '0000-00-00 00:00:00', '0'),
(182, 1, 'WA1/N/176/2021', 1, 3, 2, NULL, '2021-11-16 13:04:53', '2021-11-16 13:28:14', '0000-00-00 00:00:00', '0'),
(183, 1, 'WA1/N/178/2021', 1, 3, 2, NULL, '2021-11-16 13:09:14', '2021-11-16 13:28:22', '0000-00-00 00:00:00', '0'),
(184, 1, 'WA1/N/177/2021', 1, 3, 2, NULL, '2021-11-16 13:06:43', '2021-11-16 13:28:31', '0000-00-00 00:00:00', '0'),
(185, 1, 'WA1/N/179/2021', 1, 3, 2, NULL, '2021-11-16 13:17:43', '2021-11-16 13:28:39', '0000-00-00 00:00:00', '0'),
(186, 1, 'WA1/N/180/2021', 1, 3, 2, NULL, '2021-11-16 13:19:28', '2021-11-16 13:28:48', '0000-00-00 00:00:00', '0'),
(187, 1, 'WA1/N/181/2021', 1, 3, 2, NULL, '2021-11-16 13:31:40', '2021-11-16 13:33:34', '0000-00-00 00:00:00', '0'),
(188, 1, 'WA1/N/182/2021', 1, 3, 2, NULL, '2021-11-16 13:33:18', '2021-11-16 13:33:43', '0000-00-00 00:00:00', '0'),
(189, 2, 'WA1/WYD/04/2021', 1, 3, NULL, 6, '2021-11-16 18:12:02', '0000-00-00 00:00:00', '2021-11-16 18:12:02', '0'),
(190, 1, 'WA1/N/183/2021', 1, 3, 3, NULL, '2021-11-16 18:12:25', '2021-11-16 18:12:52', '0000-00-00 00:00:00', '0'),
(191, 1, 'WA1/N/184/2021', 1, 3, 3, NULL, '2021-11-17 09:57:55', '2021-11-17 10:00:30', '0000-00-00 00:00:00', '0'),
(192, 1, 'WA1/N/185/2021', 1, 3, 3, NULL, '2021-11-17 10:00:19', '2021-11-17 10:00:41', '0000-00-00 00:00:00', '0'),
(193, 1, 'WA1/N/186/2021', 1, 2, 2, NULL, '2021-11-18 11:44:28', '2021-11-18 11:44:44', '0000-00-00 00:00:00', '0'),
(194, 1, 'WA1/N/187/2021', 1, 3, 3, NULL, '2021-11-19 16:20:22', '2021-11-19 17:50:08', '0000-00-00 00:00:00', '0'),
(195, 1, 'WA1/N/188/2021', 1, 3, 3, NULL, '2021-11-19 16:20:51', '2021-11-19 17:50:16', '0000-00-00 00:00:00', '0'),
(196, 1, 'WA1/N/189/2021', 1, 3, 3, NULL, '2021-11-19 16:53:52', '2021-11-19 17:50:25', '0000-00-00 00:00:00', '0'),
(197, 1, 'WA1/N/190/2021', 1, 3, 3, NULL, '2021-11-19 17:58:32', '2021-11-19 18:04:21', '0000-00-00 00:00:00', '0'),
(198, 1, 'WA1/N/191/2021', 1, 3, 3, NULL, '2021-11-19 18:00:21', '2021-11-19 18:04:28', '0000-00-00 00:00:00', '0'),
(199, 1, 'WA1/N/192/2021', 1, 3, 3, NULL, '2021-11-19 18:03:43', '2021-11-19 18:04:39', '0000-00-00 00:00:00', '0'),
(200, 1, 'WA1/N/193/2021', 1, 3, 3, NULL, '2021-11-19 18:03:56', '2021-11-19 18:04:54', '0000-00-00 00:00:00', '0'),
(201, 1, 'WA1/N/194/2021', 1, 3, 3, NULL, '2021-11-19 18:04:14', '2021-11-19 18:05:01', '0000-00-00 00:00:00', '0'),
(202, 1, 'WA1/N/195/2021', 1, 3, 3, NULL, '2021-11-19 18:08:40', '2021-11-19 18:08:52', '0000-00-00 00:00:00', '0'),
(203, 1, 'WA1/N/196/2021', 1, 3, 3, NULL, '2021-11-22 16:18:00', '2021-11-22 16:18:15', '0000-00-00 00:00:00', '0'),
(204, 1, 'WA1/N/197/2021', 1, 3, 3, NULL, '2021-11-22 16:41:57', '2021-11-22 16:42:14', '0000-00-00 00:00:00', '0'),
(205, 1, 'WA1/N/198/2021', 1, 3, 3, NULL, '2021-11-23 15:27:25', '2021-11-23 15:27:46', '0000-00-00 00:00:00', '0'),
(206, 1, 'WA1/N/199/2021', 1, 3, 3, NULL, '2021-11-24 07:48:36', '2021-11-24 07:49:56', '0000-00-00 00:00:00', '0'),
(207, 1, 'WA1/N/200/2021', 1, 3, 3, NULL, '2021-11-24 07:50:28', '2021-11-24 07:51:12', '0000-00-00 00:00:00', '0'),
(208, 1, 'WA1/N/201/2021', 1, 3, 3, NULL, '2021-11-25 11:05:39', '2021-11-25 11:05:55', '0000-00-00 00:00:00', '0'),
(209, 1, 'WA1/N/202/2021', 1, 2, 2, NULL, '2021-11-26 12:07:05', '2021-11-26 12:07:28', '0000-00-00 00:00:00', '0'),
(210, 1, 'WA1/N/203/2021', 1, 4, 4, NULL, '2021-11-29 15:36:22', '2021-11-29 15:37:11', '0000-00-00 00:00:00', '0'),
(211, 1, 'WA1/N/204/2021', 1, 4, 4, NULL, '2021-11-29 16:01:03', '2021-11-29 16:01:28', '0000-00-00 00:00:00', '0'),
(212, 1, 'WA1/N/205/2021', 1, 4, 4, NULL, '2021-12-03 08:13:30', '2021-12-03 08:13:42', '0000-00-00 00:00:00', '0'),
(213, 1, 'WA1/N/206/2021', 1, 4, 4, NULL, '2021-12-03 08:19:46', '2021-12-06 19:33:20', '0000-00-00 00:00:00', '0'),
(214, 1, 'WA1/N/207/2021', 1, 4, 4, NULL, '2021-12-03 08:21:27', '2021-12-06 19:33:28', '0000-00-00 00:00:00', '0'),
(215, 2, 'WA1/WYD/01/2021', 1, 6, NULL, 6, '2021-12-08 09:02:39', '0000-00-00 00:00:00', '2021-12-08 09:02:39', '0'),
(216, 5, 'WA1/U/01/2021', 1, 2, 2, NULL, '2021-12-08 09:21:28', '2021-12-08 09:21:28', '0000-00-00 00:00:00', '0'),
(217, 2, 'WA1/WYD/01/2021', 1, 6, NULL, 6, '2021-12-08 12:04:22', '0000-00-00 00:00:00', '2021-12-08 12:04:22', '0'),
(218, 5, 'WA1/U/01/2021', 1, 2, 2, NULL, '2021-12-08 12:08:31', '2021-12-08 12:08:31', '0000-00-00 00:00:00', '0'),
(219, 4, 'WA1/WEW/01/2021', 1, 2, 2, NULL, '2021-12-08 12:10:23', '2021-12-08 12:10:23', '0000-00-00 00:00:00', '0'),
(220, 2, 'WA1/WYD/01/2021', 1, 0, NULL, 6, '2021-12-08 13:41:44', '0000-00-00 00:00:00', '2021-12-08 13:41:44', '0'),
(221, 5, 'WA1/U/01/2021', 1, 2, 2, NULL, '2021-12-08 13:46:09', '2021-12-08 13:46:09', '0000-00-00 00:00:00', '0'),
(222, 1, 'WA1/N/208/2021', 1, 2, 2, NULL, '2021-12-08 15:05:27', '2021-12-08 15:06:46', '0000-00-00 00:00:00', '0'),
(223, 2, 'WA1/WYD/01/2021', 1, 6, NULL, 6, '2021-12-08 15:07:38', '0000-00-00 00:00:00', '2021-12-08 15:07:38', '0'),
(224, 2, 'WA1/WYD/01/2021', 1, 6, NULL, 6, '2021-12-08 15:11:40', '0000-00-00 00:00:00', '2021-12-08 15:11:40', '0'),
(225, 5, 'WA1/U/01/2021', 1, 2, 2, NULL, '2021-12-08 15:14:54', '2021-12-08 15:14:54', '0000-00-00 00:00:00', '0'),
(226, 2, 'WA1/WYD/01/2021', 1, 6, NULL, 6, '2021-12-08 15:16:49', '0000-00-00 00:00:00', '2021-12-08 15:16:49', '0'),
(227, 1, 'WA1/N/209/2021', 1, 2, 2, NULL, '2021-12-08 15:23:52', '2021-12-08 15:25:31', '0000-00-00 00:00:00', '0'),
(228, 2, 'WA1/WYD/01/2021', 1, 7, NULL, 7, '2021-12-08 16:59:17', '0000-00-00 00:00:00', '2021-12-08 16:59:17', '0'),
(229, 2, 'WA1/WYD/01/2021', 1, 7, NULL, 7, '2021-12-08 17:15:29', '0000-00-00 00:00:00', '2021-12-08 17:15:29', '0'),
(230, 5, 'WA1/U/01/2021', 1, 3, 3, NULL, '2021-12-08 17:25:11', '2021-12-08 17:25:12', '0000-00-00 00:00:00', '0'),
(231, 2, 'WA1/WYD/01/2021', 1, 7, NULL, 7, '2021-12-08 17:27:49', '0000-00-00 00:00:00', '2021-12-08 17:27:49', '0'),
(232, 5, 'WA1/U/01/2021', 1, 3, 3, NULL, '2021-12-08 17:31:45', '2021-12-08 17:31:45', '0000-00-00 00:00:00', '0'),
(233, 2, 'WA1/WYD/01/2021', 1, 7, NULL, 7, '2021-12-08 17:33:20', '0000-00-00 00:00:00', '2021-12-08 17:33:20', '0'),
(234, 5, 'WA1/U/01/2021', 1, 3, 3, NULL, '2021-12-08 17:38:21', '2021-12-08 17:38:21', '0000-00-00 00:00:00', '0'),
(235, 5, 'WA1/U/01/2021', 1, 3, 3, NULL, '2021-12-08 17:40:29', '2021-12-08 17:40:29', '0000-00-00 00:00:00', '0'),
(236, 2, 'WA1/WYD/01/2021', 1, 7, NULL, 7, '2021-12-08 17:42:58', '0000-00-00 00:00:00', '2021-12-08 17:42:58', '0'),
(237, 5, 'WA1/U/01/2021', 1, 3, 3, NULL, '2021-12-08 17:44:04', '2021-12-08 17:44:04', '0000-00-00 00:00:00', '0'),
(238, 2, 'WA1/WYD/01/2021', 1, 7, NULL, 7, '2021-12-09 07:27:52', '0000-00-00 00:00:00', '2021-12-09 07:27:52', '0'),
(239, 2, 'WA1/WYD/01/2021', 1, 7, NULL, 7, '2021-12-09 08:23:04', '0000-00-00 00:00:00', '2021-12-09 08:23:04', '0'),
(240, 2, 'WA1/WYD/01/2021', 1, 6, NULL, 6, '2021-12-09 10:09:49', '0000-00-00 00:00:00', '2021-12-09 10:09:49', '0'),
(241, 5, 'WA1/U/01/2021', 1, 3, 3, NULL, '2021-12-09 12:20:02', '2021-12-09 12:20:03', '0000-00-00 00:00:00', '0'),
(242, 4, 'WA1/WEW/02/2021', 1, 3, 3, NULL, '2021-12-09 12:21:09', '2021-12-09 12:21:09', '0000-00-00 00:00:00', '0'),
(243, 4, 'WA1/WEW/03/2021', 1, 1, 1, NULL, '2021-12-09 12:27:26', '2021-12-09 12:27:26', '0000-00-00 00:00:00', '0'),
(244, 1, 'WA1/N/210/2021', 1, 3, 3, NULL, '2021-12-09 12:42:23', '2021-12-09 12:42:38', '0000-00-00 00:00:00', '0'),
(245, 2, 'WA1/WYD/01/2021', 1, 6, NULL, 6, '2021-12-10 09:51:28', '0000-00-00 00:00:00', '2021-12-10 09:51:28', '0'),
(246, 5, 'WA1/U/01/2021', 1, 2, 2, NULL, '2021-12-10 09:53:41', '2021-12-10 09:53:41', '0000-00-00 00:00:00', '0'),
(247, 4, 'WA1/WEW/04/2021', 1, 2, 2, NULL, '2021-12-10 10:26:24', '2021-12-10 10:26:24', '0000-00-00 00:00:00', '0'),
(248, 2, 'WA1/WYD/01/2021', 1, 6, NULL, 6, '2021-12-10 11:51:12', '0000-00-00 00:00:00', '2021-12-10 11:51:12', '0'),
(249, 5, 'WA1/U/01/2021', 1, 2, 2, NULL, '2021-12-10 11:53:57', '2021-12-10 11:53:57', '0000-00-00 00:00:00', '0'),
(250, 2, 'WA1/WYD/01/2021', 1, 6, NULL, 6, '2021-12-10 12:00:31', '0000-00-00 00:00:00', '2021-12-10 12:00:31', '0'),
(251, 5, 'WA1/U/01/2021', 1, 2, 2, NULL, '2021-12-10 12:02:56', '2021-12-10 12:02:56', '0000-00-00 00:00:00', '0'),
(252, 5, 'WA1/U/01/2021', 1, 2, 2, NULL, '2021-12-10 12:09:14', '2021-12-10 12:09:14', '0000-00-00 00:00:00', '0'),
(253, 2, 'WA1/WYD/01/2021', 1, 5, NULL, 5, '2021-12-11 19:32:43', '0000-00-00 00:00:00', '2021-12-11 19:32:43', '0'),
(254, 2, 'WA1/WYD/01/2021', 1, 5, NULL, 5, '2021-12-11 19:50:56', '0000-00-00 00:00:00', '2021-12-11 19:50:56', '0'),
(255, 2, 'WA1/WYD/01/2021', 1, 5, NULL, 5, '2021-12-11 20:01:33', '0000-00-00 00:00:00', '2021-12-11 20:01:33', '0'),
(256, 1, 'WA1/N/211/2021', 1, 1, 1, NULL, '2021-12-12 20:22:49', '2021-12-12 20:23:19', '0000-00-00 00:00:00', '0'),
(257, 1, 'WA1/N/212/2021', 1, 1, 1, NULL, '2021-12-12 20:24:52', '2021-12-12 20:25:06', '0000-00-00 00:00:00', '0'),
(258, 2, 'WA1/WYD/01/2021', 1, 5, NULL, 5, '2021-12-20 21:03:13', '0000-00-00 00:00:00', '2021-12-20 21:03:13', '0'),
(259, 2, 'WA1/WYD/01/2021', 1, 5, NULL, 5, '2021-12-22 19:53:59', '0000-00-00 00:00:00', '2021-12-22 19:53:59', '0'),
(260, 2, 'WA1/WYD/01/2021', 1, 5, NULL, 5, '2021-12-22 21:08:05', '0000-00-00 00:00:00', '2021-12-22 21:08:05', '0'),
(261, 3, 'WA1/Z/01/2021', 1, 1, 1, 5, '2021-12-22 21:13:48', '2021-12-22 21:13:48', '0000-00-00 00:00:00', '0');

-- --------------------------------------------------------

--
-- Struktura tabeli dla tabeli `arrival_document_name_cache`
--

DROP TABLE IF EXISTS `arrival_document_name_cache`;
CREATE TABLE `arrival_document_name_cache` (
  `id` int(11) NOT NULL,
  `document_name` varchar(255) CHARACTER SET utf8 NOT NULL,
  `arrival_type_id` int(2) NOT NULL,
  `storage_id` int(1) NOT NULL,
  `create_date` datetime NOT NULL
) ENGINE=InnoDB DEFAULT CHARSET=latin1;

--
-- Zrzut danych tabeli `arrival_document_name_cache`
--

INSERT INTO `arrival_document_name_cache` (`id`, `document_name`, `arrival_type_id`, `storage_id`, `create_date`) VALUES
(1, 'WA1/N/212/2021', 1, 1, '2021-12-12 20:24:52'),
(2, 'WA1/WEW/04/2021', 4, 1, '2021-12-10 10:26:24');

-- --------------------------------------------------------

--
-- Struktura tabeli dla tabeli `arrival_items`
--

DROP TABLE IF EXISTS `arrival_items`;
CREATE TABLE `arrival_items` (
  `id` int(11) NOT NULL,
  `product_id` int(11) NOT NULL,
  `quantity` int(11) NOT NULL,
  `arrival_id` int(11) NOT NULL,
  `arrival_type_id` int(11) NOT NULL,
  `storage_id` int(11) NOT NULL
) ENGINE=InnoDB DEFAULT CHARSET=latin2 COLLATE=latin2_bin;

--
-- Zrzut danych tabeli `arrival_items`
--

INSERT INTO `arrival_items` (`id`, `product_id`, `quantity`, `arrival_id`, `arrival_type_id`, `storage_id`) VALUES
(1, 17, 14, 1, 1, 1),
(2, 68, 31, 1, 1, 1),
(3, 56, 71, 2, 1, 1),
(4, 68, 2, 3, 1, 1),
(5, 70, 6, 4, 1, 1),
(6, 58, 5, 5, 1, 1),
(7, 29, 1, 6, 1, 1),
(8, 14, 2, 7, 1, 1),
(9, 19, 9, 8, 1, 1),
(10, 16, 4, 9, 1, 1),
(11, 1, 2, 10, 1, 1),
(12, 2, 2, 10, 1, 1),
(13, 20, 1, 10, 1, 1),
(14, 2, 6, 11, 1, 1),
(15, 20, 1, 11, 1, 1),
(16, 42, 16, 12, 1, 1),
(17, 43, 1, 12, 1, 1),
(18, 44, 3, 12, 1, 1),
(19, 66, 13, 13, 1, 1),
(20, 71, 12, 14, 1, 1),
(21, 30, 4, 15, 1, 1),
(22, 54, 6, 16, 1, 1),
(23, 72, 8, 17, 1, 1),
(24, 24, 1, 18, 1, 1),
(25, 73, 6, 19, 1, 1),
(26, 74, 12, 20, 1, 1),
(27, 28, 4, 21, 1, 1),
(28, 75, 6, 21, 1, 1),
(29, 48, 4, 22, 1, 1),
(30, 49, 4, 22, 1, 1),
(31, 50, 4, 22, 1, 1),
(32, 41, 10, 23, 1, 1),
(33, 76, 2, 24, 1, 1),
(34, 77, 5, 25, 1, 1),
(35, 78, 5, 25, 1, 1),
(36, 79, 2, 25, 1, 1),
(37, 80, 3, 25, 1, 1),
(38, 81, 5, 25, 1, 1),
(39, 82, 3, 25, 1, 1),
(40, 83, 1, 25, 1, 1),
(41, 84, 26, 26, 1, 1),
(42, 85, 15, 27, 1, 1),
(43, 86, 2, 28, 1, 1),
(44, 87, 63, 29, 1, 1),
(45, 43, 73, 30, 1, 1),
(46, 44, 71, 31, 1, 1),
(47, 88, 3, 32, 1, 1),
(48, 89, 5, 33, 1, 1),
(49, 90, 2, 34, 1, 1),
(50, 91, 15, 35, 1, 1),
(51, 92, 5, 35, 1, 1),
(52, 93, 2, 36, 1, 1),
(53, 94, 10, 37, 1, 1),
(54, 95, 7, 38, 1, 1),
(55, 59, 3, 39, 1, 1),
(56, 96, 3, 40, 1, 1),
(57, 27, 1, 41, 1, 1),
(58, 97, 1, 42, 1, 1),
(59, 98, 2, 42, 1, 1),
(60, 99, 3, 42, 1, 1),
(61, 100, 1, 42, 1, 1),
(62, 101, 3, 42, 1, 1),
(63, 103, 1, 43, 1, 1),
(64, 102, 1, 44, 1, 1),
(65, 104, 4, 44, 1, 1),
(66, 67, 4, 45, 1, 1),
(67, 105, 1, 45, 1, 1),
(68, 65, 4, 46, 1, 1),
(69, 106, 1, 47, 1, 1),
(70, 25, 7, 48, 1, 1),
(71, 107, 5, 49, 1, 1),
(72, 108, 9, 49, 1, 1),
(73, 109, 3, 49, 1, 1),
(74, 1, 1, 50, 1, 1),
(75, 69, 1, 51, 1, 1),
(76, 79, 2, 51, 1, 1),
(77, 110, 1, 52, 1, 1),
(78, 111, 1, 52, 1, 1),
(79, 81, 1, 53, 1, 1),
(80, 112, 1, 53, 1, 1),
(81, 114, 1, 53, 1, 1),
(82, 80, 1, 54, 1, 1),
(83, 69, 1, 55, 1, 1),
(84, 110, 1, 55, 1, 1),
(85, 120, 2, 56, 1, 1),
(86, 121, 2, 57, 1, 1),
(87, 122, 2, 57, 1, 1),
(88, 106, -1, 58, 2, 1),
(89, 49, -1, 60, 2, 1),
(90, 125, 1, 62, 1, 1),
(91, 126, 7, 63, 1, 1),
(92, 127, 9, 64, 1, 1),
(93, 24, 5, 65, 1, 1),
(94, 128, 4, 66, 1, 1),
(95, 24, 1, 67, 1, 1),
(96, 25, 1, 67, 1, 1),
(97, 128, 2, 67, 1, 1),
(98, 28, 6, 68, 1, 1),
(99, 72, 26, 69, 1, 1),
(100, 108, 2, 70, 1, 1),
(101, 129, 5, 71, 1, 1),
(102, 130, 2, 72, 1, 1),
(103, 131, 3, 73, 1, 1),
(104, 132, 17, 74, 1, 1),
(105, 132, 4, 75, 1, 1),
(106, 133, 4, 76, 1, 1),
(107, 134, 13, 76, 1, 1),
(108, 61, 2, 77, 1, 1),
(109, 62, 10, 77, 1, 1),
(110, 63, 19, 77, 1, 1),
(111, 135, 8, 78, 1, 1),
(112, 136, 6, 79, 1, 1),
(113, 102, 1, 80, 1, 1),
(114, 20, 7, 81, 1, 1),
(115, 103, 1, 82, 1, 1),
(116, 137, 5, 83, 1, 1),
(117, 138, 3, 83, 1, 1),
(118, 139, 5, 84, 1, 1),
(119, 140, 5, 85, 1, 1),
(120, 141, 5, 86, 1, 1),
(121, 142, 4, 87, 1, 1),
(122, 143, 5, 88, 1, 1),
(123, 27, 3, 89, 1, 1),
(124, 60, 6, 90, 1, 1),
(125, 144, 3, 90, 1, 1),
(126, 145, 1, 91, 1, 1),
(127, 148, 1, 91, 1, 1),
(128, 149, 2, 91, 1, 1),
(129, 150, 1, 91, 1, 1),
(130, 146, 5, 92, 1, 1),
(131, 147, 3, 92, 1, 1),
(132, 151, 1, 93, 1, 1),
(133, 152, 2, 93, 1, 1),
(134, 96, 2, 94, 1, 1),
(135, 153, 84, 95, 1, 1),
(136, 154, 19, 95, 1, 1),
(137, 155, 307, 96, 1, 1),
(138, 47, 2, 97, 1, 1),
(139, 46, 3, 98, 1, 1),
(140, 88, 4, 99, 1, 1),
(141, 42, 62, 100, 1, 1),
(142, 85, 8, 101, 1, 1),
(143, 68, 22, 102, 1, 1),
(144, 66, 12, 103, 1, 1),
(145, 71, 1, 104, 1, 1),
(146, 85, 1, 105, 1, 1),
(147, 156, 2, 105, 1, 1),
(148, 157, 10, 105, 1, 1),
(149, 59, 1, 106, 1, 1),
(150, 31, 15, 107, 1, 1),
(151, 38, 3, 108, 1, 1),
(152, 106, 1, 109, 1, 1),
(153, 70, 1, 110, 1, 1),
(154, 58, 6, 111, 1, 1),
(155, 1, 1, 112, 1, 1),
(156, 2, 2, 113, 1, 1),
(157, 14, 2, 114, 1, 1),
(158, 26, 3, 115, 1, 1),
(159, 158, 14, 116, 1, 1),
(160, 159, 7, 117, 1, 1),
(161, 19, 1, 118, 1, 1),
(162, 16, 4, 119, 1, 1),
(163, 18, 8, 120, 1, 1),
(164, 160, 7, 121, 1, 1),
(165, 29, 7, 122, 1, 1),
(166, 161, 5, 123, 1, 1),
(167, 67, 1, 124, 1, 1),
(168, 162, 1, 124, 1, 1),
(169, 35, 6, 125, 1, 1),
(170, 112, 5, 125, 1, 1),
(171, 113, 1, 125, 1, 1),
(172, 114, 5, 125, 1, 1),
(173, 116, 4, 125, 1, 1),
(174, 117, 6, 125, 1, 1),
(175, 48, 7, 126, 1, 1),
(176, 1, 0, 127, 1, 1),
(177, 163, 1, 128, 1, 1),
(178, 96, 1, 129, 1, 1),
(179, 66, 1, 130, 1, 1),
(180, 71, 1, 130, 1, 1),
(181, 88, 2, 131, 1, 1),
(182, 75, 1, 132, 1, 1),
(183, 84, 5, 133, 1, 1),
(184, 52, 8, 134, 1, 1),
(185, 124, 6, 134, 1, 1),
(186, 76, 2, 135, 1, 1),
(187, 49, 1, 136, 1, 1),
(188, 51, 2, 137, 1, 1),
(189, 164, 161, 138, 1, 1),
(190, 43, 4, 139, 1, 1),
(191, 54, 8, 140, 1, 1),
(192, 165, 4, 141, 1, 1),
(193, 166, 3, 142, 1, 1),
(194, 17, 5, 143, 1, 1),
(195, 55, 3, 144, 1, 1),
(196, 167, 2, 144, 1, 1),
(197, 50, 4, 145, 1, 1),
(198, 80, 1, 146, 1, 1),
(199, 81, 3, 147, 1, 1),
(200, 81, 1, 148, 1, 1),
(201, 82, 3, 148, 1, 1),
(202, 83, 2, 149, 1, 1),
(203, 111, 1, 150, 1, 1),
(204, 77, 1, 151, 1, 1),
(205, 78, 1, 151, 1, 1),
(206, 69, 10, 152, 1, 1),
(207, 110, 5, 153, 1, 1),
(208, 39, 5, 154, 1, 1),
(209, 40, 3, 155, 1, 1),
(210, 168, 3, 156, 1, 1),
(211, 169, 6, 157, 1, 1),
(212, 170, 3, 158, 1, 1),
(213, 171, 1, 159, 1, 1),
(214, 172, 25, 160, 1, 1),
(215, 84, 15, 161, 1, 1),
(216, 123, 6, 162, 1, 1),
(217, 118, 8, 163, 1, 1),
(218, 119, 4, 163, 1, 1),
(219, 173, 1, 164, 1, 1),
(220, 174, 2, 164, 1, 1),
(221, 176, 3, 164, 1, 1),
(222, 178, 19, 164, 1, 1),
(223, 179, 77, 165, 1, 1),
(224, 181, 9, 166, 1, 1),
(225, 182, 12, 166, 1, 1),
(226, 183, 25, 166, 1, 1),
(227, 184, 50, 166, 1, 1),
(228, 185, 9, 166, 1, 1),
(229, 84, 1, 167, 1, 1),
(230, 187, 3, 168, 1, 1),
(231, 189, 12, 168, 1, 1),
(232, 190, 10, 169, 1, 1),
(233, 98, 3, 170, 1, 1),
(234, 114, -1, 171, 2, 1),
(235, 191, 1, 172, 1, 1),
(236, 73, 4, 173, 1, 1),
(237, 192, 1, 175, 1, 1),
(238, 193, 1, 176, 1, 1),
(239, 113, 1, 177, 1, 1),
(240, 194, 2, 178, 1, 1),
(241, 196, 102, 179, 1, 1),
(242, 197, 108, 179, 1, 1),
(243, 198, 4, 180, 1, 1),
(244, 199, 1, 180, 1, 1),
(245, 201, 1, 181, 1, 1),
(246, 202, 1, 182, 1, 1),
(247, 203, 10, 182, 1, 1),
(248, 206, 9, 183, 1, 1),
(249, 204, 2, 184, 1, 1),
(250, 205, 1, 184, 1, 1),
(251, 207, 18, 185, 1, 1),
(252, 208, 5, 185, 1, 1),
(253, 209, 5, 185, 1, 1),
(254, 210, 11, 186, 1, 1),
(255, 211, 5, 187, 1, 1),
(256, 212, 14, 187, 1, 1),
(257, 213, 19, 187, 1, 1),
(258, 214, 4, 187, 1, 1),
(259, 215, 7, 188, 1, 1),
(260, 114, -5, 189, 2, 1),
(261, 113, 2, 190, 1, 1),
(262, 116, 1, 191, 1, 1),
(263, 216, 1, 192, 1, 1),
(264, 109, 5, 193, 1, 1),
(265, 216, 5, 193, 1, 1),
(266, 195, 211, 194, 1, 1),
(267, 217, 1, 195, 1, 1),
(268, 218, 1, 196, 1, 1),
(269, 152, 1, 197, 1, 1),
(270, 219, 1, 198, 1, 1),
(271, 222, 2, 199, 1, 1),
(272, 220, 1, 200, 1, 1),
(273, 221, 1, 201, 1, 1),
(274, 146, 1, 202, 1, 1),
(275, 151, 2, 202, 1, 1),
(276, 223, 4, 203, 1, 1),
(277, 224, 4, 203, 1, 1),
(278, 225, 4, 203, 1, 1),
(279, 200, 3, 204, 1, 1),
(280, 24, 9, 205, 1, 1),
(281, 56, 1, 205, 1, 1),
(282, 85, 6, 205, 1, 1),
(283, 136, 1, 205, 1, 1),
(284, 139, 1, 205, 1, 1),
(285, 156, 1, 205, 1, 1),
(286, 157, 1, 205, 1, 1),
(287, 59, 1, 206, 1, 1),
(288, 101, 1, 206, 1, 1),
(289, 102, 1, 206, 1, 1),
(290, 103, 1, 206, 1, 1),
(291, 104, 8, 206, 1, 1),
(292, 167, 2, 206, 1, 1),
(293, 194, 1, 206, 1, 1),
(294, 226, 12, 207, 1, 1),
(295, 140, 5, 208, 1, 1),
(296, 151, 2, 209, 1, 1),
(297, 227, 3, 210, 1, 1),
(298, 51, 5, 211, 1, 1),
(299, 45, 3, 212, 1, 1),
(300, 25, 4, 213, 1, 1),
(301, 130, 1, 214, 1, 1),
(302, 76, -2, 215, 2, 1),
(303, 45, -2, 217, 2, 1),
(304, 45, 1, 219, 4, 1),
(305, 29, -1, 220, 2, 1),
(306, 114, 1, 222, 1, 1),
(307, 114, -1, 223, 2, 1),
(308, 2, -1, 224, 2, 1),
(309, 38, -1, 226, 2, 1),
(310, 154, 5, 227, 1, 1),
(311, 41, -3, 228, 2, 1),
(312, 66, -9, 229, 2, 1),
(313, 160, -1, 231, 2, 1),
(314, 29, -2, 231, 2, 1),
(315, 2, -3, 233, 2, 1),
(316, 1, -1, 233, 2, 1),
(317, 136, -1, 233, 2, 1),
(318, 38, -1, 236, 2, 1),
(319, 110, -1, 238, 2, 1),
(320, 17, -1, 238, 2, 1),
(321, 19, -1, 238, 2, 1),
(322, 126, -1, 238, 2, 1),
(323, 26, -1, 238, 2, 1),
(324, 160, -1, 239, 2, 1),
(325, 14, -1, 240, 2, 1),
(326, 49, 1, 242, 4, 1),
(327, 160, 1, 242, 4, 1),
(328, 14, 1, 243, 4, 1),
(329, 228, 201, 244, 1, 1),
(330, 154, -1, 245, 2, 1),
(331, 114, 1, 247, 4, 1),
(332, 29, -1, 248, 2, 1),
(333, 2, -1, 250, 2, 1),
(334, 1, -1, 250, 2, 1),
(335, 38, -1, 253, 2, 1),
(336, 218, -1, 254, 2, 1),
(337, 92, -1, 255, 2, 1),
(338, 218, 5, 256, 1, 1),
(339, 42, 2, 257, 1, 1),
(340, 218, 5, 257, 1, 1),
(341, 218, -1, 258, 2, 1),
(342, 110, -3, 259, 2, 1),
(343, 218, -1, 260, 2, 1),
(344, 218, 1, 261, 3, 1);

-- --------------------------------------------------------

--
-- Struktura tabeli dla tabeli `arrival_products_temp`
--

DROP TABLE IF EXISTS `arrival_products_temp`;
CREATE TABLE `arrival_products_temp` (
  `id` int(11) NOT NULL,
  `item_name` varchar(255) COLLATE latin2_bin NOT NULL,
  `item_sn` varchar(20) COLLATE latin2_bin NOT NULL,
  `item_quantity` int(11) NOT NULL,
  `item_product_id` int(11) NOT NULL,
  `document_name` varchar(20) COLLATE latin2_bin NOT NULL,
  `storage_id` int(11) NOT NULL,
  `create_user_id` int(11) NOT NULL,
  `create_date` datetime NOT NULL,
  `arrival_type_id` int(11) NOT NULL
) ENGINE=InnoDB DEFAULT CHARSET=latin2 COLLATE=latin2_bin;

-- --------------------------------------------------------

--
-- Struktura tabeli dla tabeli `arrival_types`
--

DROP TABLE IF EXISTS `arrival_types`;
CREATE TABLE `arrival_types` (
  `id` int(1) NOT NULL,
  `name` varchar(255) COLLATE latin2_bin NOT NULL,
  `prefix` varchar(3) COLLATE latin2_bin NOT NULL
) ENGINE=InnoDB DEFAULT CHARSET=latin2 COLLATE=latin2_bin;

--
-- Zrzut danych tabeli `arrival_types`
--

INSERT INTO `arrival_types` (`id`, `name`, `prefix`) VALUES
(1, 'Dostawa części', 'N'),
(2, 'Transfer wydany', 'WYD'),
(3, 'Zwrot na magazyn', 'Z'),
(4, 'Transfer wewnętrzny', 'WEW'),
(5, 'Odesłano do serwisu', 'U'),
(6, 'Przyjęto w serwisie', 'S'),
(7, 'Transfer wewnętrzny papieru', 'NP'),
(8, 'Przekazanie urządzeń', 'PU');

-- --------------------------------------------------------

--
-- Struktura tabeli dla tabeli `articles`
--

DROP TABLE IF EXISTS `articles`;
CREATE TABLE `articles` (
  `id` int(11) NOT NULL,
  `title` varchar(255) COLLATE utf8_unicode_ci NOT NULL,
  `author_id` int(11) NOT NULL,
  `categories_id` int(11) NOT NULL DEFAULT 1,
  `date_add` datetime NOT NULL,
  `is_active` int(11) NOT NULL DEFAULT 1
) ENGINE=InnoDB DEFAULT CHARSET=utf8 COLLATE=utf8_unicode_ci;

-- --------------------------------------------------------

--
-- Struktura tabeli dla tabeli `articles_content`
--

DROP TABLE IF EXISTS `articles_content`;
CREATE TABLE `articles_content` (
  `id` int(11) NOT NULL,
  `article_id` int(11) NOT NULL,
  `date_edit` datetime DEFAULT NULL,
  `content` text COLLATE utf8_unicode_ci NOT NULL
) ENGINE=InnoDB DEFAULT CHARSET=utf8 COLLATE=utf8_unicode_ci;

-- --------------------------------------------------------

--
-- Struktura tabeli dla tabeli `automat_type`
--

DROP TABLE IF EXISTS `automat_type`;
CREATE TABLE `automat_type` (
  `id` int(11) NOT NULL,
  `name` varchar(255) COLLATE latin2_bin NOT NULL
) ENGINE=InnoDB DEFAULT CHARSET=latin2 COLLATE=latin2_bin;

--
-- Zrzut danych tabeli `automat_type`
--

INSERT INTO `automat_type` (`id`, `name`) VALUES
(1, 'ZVM (ZTM36)'),
(2, 'SVM (Merona)'),
(3, 'TVM (Parkeon)'),
(4, 'SVM (Merona) / TVM (Parkeon)'),
(5, 'ALL '),
(6, 'SAB'),
(7, 'Terminal'),
(8, 'SVM (Merona) / ZVM (ZTM36)');

-- --------------------------------------------------------

--
-- Struktura tabeli dla tabeli `broken_arrival_items`
--

DROP TABLE IF EXISTS `broken_arrival_items`;
CREATE TABLE `broken_arrival_items` (
  `id` int(11) NOT NULL,
  `product_id` int(11) NOT NULL,
  `quantity` int(11) NOT NULL,
  `arrival_id` int(11) NOT NULL,
  `arrival_type_id` int(11) NOT NULL,
  `storage_id` int(11) NOT NULL,
  `mennica_service_id` int(2) NOT NULL
) ENGINE=InnoDB DEFAULT CHARSET=latin2 COLLATE=latin2_bin;

--
-- Zrzut danych tabeli `broken_arrival_items`
--

INSERT INTO `broken_arrival_items` (`id`, `product_id`, `quantity`, `arrival_id`, `arrival_type_id`, `storage_id`, `mennica_service_id`) VALUES
(1, 106, 1, 59, 5, 1, 3),
(2, 49, 1, 61, 5, 1, 1);

-- --------------------------------------------------------

--
-- Struktura tabeli dla tabeli `broken_product_details`
--

DROP TABLE IF EXISTS `broken_product_details`;
CREATE TABLE `broken_product_details` (
  `id` int(11) NOT NULL,
  `product_id` int(11) NOT NULL,
  `sn` varchar(255) COLLATE latin2_bin NOT NULL,
  `arrival_id` int(11) NOT NULL,
  `storage_id` int(11) NOT NULL,
  `mennica_service_id` int(2) NOT NULL,
  `product_status_id` int(11) NOT NULL,
  `product_status_change_datetime` datetime NOT NULL
) ENGINE=InnoDB DEFAULT CHARSET=latin2 COLLATE=latin2_bin;

--
-- Zrzut danych tabeli `broken_product_details`
--

INSERT INTO `broken_product_details` (`id`, `product_id`, `sn`, `arrival_id`, `storage_id`, `mennica_service_id`, `product_status_id`, `product_status_change_datetime`) VALUES
(1, 106, '', 59, 1, 3, 1, '2021-11-05 13:42:46'),
(2, 49, '', 61, 1, 1, 1, '2021-11-05 14:30:47');

-- --------------------------------------------------------

--
-- Struktura tabeli dla tabeli `categories`
--

DROP TABLE IF EXISTS `categories`;
CREATE TABLE `categories` (
  `id` int(11) NOT NULL,
  `parent_id` int(2) NOT NULL DEFAULT 0,
  `name` varchar(255) COLLATE utf8_unicode_ci NOT NULL,
  `is_active` enum('0','1') COLLATE utf8_unicode_ci NOT NULL DEFAULT '1'
) ENGINE=InnoDB DEFAULT CHARSET=utf8 COLLATE=utf8_unicode_ci;

-- --------------------------------------------------------

--
-- Struktura tabeli dla tabeli `damaged_devices`
--

DROP TABLE IF EXISTS `damaged_devices`;
CREATE TABLE `damaged_devices` (
  `id` int(11) NOT NULL,
  `arrival_id` int(11) DEFAULT NULL,
  `service_request_id` int(11) NOT NULL,
  `service_user_id` int(11) NOT NULL,
  `product_id` int(11) NOT NULL,
  `sn` varchar(255) COLLATE latin2_bin NOT NULL,
  `quantity` int(11) NOT NULL,
  `storage_id` int(11) NOT NULL,
  `mennica_service_id` int(2) NOT NULL,
  `damaged_devices_status_id` int(11) NOT NULL,
  `change_status_datetime` datetime NOT NULL
) ENGINE=InnoDB DEFAULT CHARSET=latin2 COLLATE=latin2_bin;

--
-- Zrzut danych tabeli `damaged_devices`
--

INSERT INTO `damaged_devices` (`id`, `arrival_id`, `service_request_id`, `service_user_id`, `product_id`, `sn`, `quantity`, `storage_id`, `mennica_service_id`, `damaged_devices_status_id`, `change_status_datetime`) VALUES
(1, NULL, 2, 6, 106, '', 1, 1, 3, 1, '2021-11-05 13:35:01'),
(2, 61, 4, 6, 49, '', 1, 1, 1, 2, '2021-11-05 14:30:47'),
(3, 216, 8, 6, 76, '1', 1, 1, 7, 4, '2021-12-08 09:21:28'),
(4, 216, 9, 6, 76, '1', 1, 1, 7, 4, '2021-12-08 09:21:28'),
(5, 218, 11, 6, 45, '20146UN25042990', 1, 1, 8, 2, '2021-12-08 12:08:31'),
(6, 219, 0, 0, 45, '20146UN25042990', -1, 1, 0, 3, '2021-12-08 12:10:23'),
(7, 221, 13, 6, 29, '1', 1, 1, 2, 4, '2021-12-08 13:46:09'),
(8, 241, 15, 6, 114, 'S2087A00107B', 1, 1, 14, 2, '2021-12-09 12:20:05'),
(9, 225, 17, 6, 2, 'S20FMA00164B', 1, 1, 2, 4, '2021-12-08 15:14:54'),
(10, 241, 19, 6, 38, '1', 1, 1, 3, 4, '2021-12-09 12:20:04'),
(11, 241, 21, 7, 41, 'CCW3603', 1, 1, 12, 4, '2021-12-09 12:20:05'),
(12, 241, 22, 7, 41, 'CCG8337', 1, 1, 12, 4, '2021-12-09 12:20:05'),
(13, 241, 23, 7, 41, 'CCQ6443', 1, 1, 12, 4, '2021-12-09 12:20:05'),
(14, 230, 25, 7, 66, 'S/N12/12/2019', 1, 1, 2, 4, '2021-12-08 17:25:12'),
(15, 230, 26, 7, 66, '1818431', 1, 1, 2, 4, '2021-12-08 17:25:12'),
(16, 230, 27, 7, 66, '3236', 1, 1, 2, 4, '2021-12-08 17:25:12'),
(17, 230, 28, 7, 66, '9593', 1, 1, 2, 4, '2021-12-08 17:25:12'),
(18, 230, 29, 7, 66, '13197', 1, 1, 2, 4, '2021-12-08 17:25:12'),
(19, 230, 30, 7, 66, '2944', 1, 1, 2, 2, '2021-12-08 17:25:12'),
(20, 230, 31, 7, 66, '6237', 1, 1, 2, 4, '2021-12-08 17:25:12'),
(21, 230, 32, 7, 66, '1818455', 1, 1, 2, 4, '2021-12-08 17:25:12'),
(22, 230, 33, 7, 66, '3592', 1, 1, 2, 4, '2021-12-08 17:25:12'),
(23, 232, 36, 7, 29, 'S02P2A00378C', 1, 1, 2, 4, '2021-12-08 17:31:45'),
(24, 232, 37, 7, 29, 'F', 1, 1, 2, 4, '2021-12-08 17:31:45'),
(25, 232, 38, 7, 160, 'S2063A00067A', 1, 1, 2, 4, '2021-12-08 17:31:45'),
(26, 234, 42, 7, 136, '05B0138666 24/14', 1, 1, 2, 4, '2021-12-08 17:38:21'),
(27, 234, 43, 7, 1, '035', 1, 1, 2, 4, '2021-12-08 17:38:21'),
(28, 234, 44, 7, 2, 'S20FMA00145B', 1, 1, 2, 4, '2021-12-08 17:38:21'),
(29, 234, 45, 7, 2, 'S20FMA00218B', 1, 1, 2, 4, '2021-12-08 17:38:21'),
(30, 235, 46, 7, 2, 'S20FMA00109A', 1, 1, 2, 4, '2021-12-08 17:40:29'),
(31, 237, 48, 7, 38, '319790', 1, 1, 3, 4, '2021-12-08 17:44:04'),
(32, 241, 54, 7, 19, 'Brak SN', 1, 1, 2, 4, '2021-12-09 12:20:04'),
(33, 241, 55, 7, 17, 'Brak SN', 1, 1, 2, 4, '2021-12-09 12:20:04'),
(34, 241, 56, 7, 110, 'Brak SN', 1, 1, 2, 4, '2021-12-09 12:20:04'),
(35, 241, 57, 7, 26, 'S20BSA00106B', 1, 1, 2, 4, '2021-12-09 12:20:05'),
(36, 241, 58, 7, 126, '300327', 1, 1, 2, 4, '2021-12-09 12:20:05'),
(37, NULL, 60, 7, 160, '1', 1, 1, 0, 2, '2021-12-09 08:23:41'),
(38, 241, 62, 6, 14, 'S20FMA00163B', 1, 1, 14, 2, '2021-12-09 12:20:05'),
(39, 242, 0, 0, 49, '', -1, 1, 0, 3, '2021-12-09 12:21:09'),
(40, 242, 0, 0, 160, '1', -1, 1, 0, 3, '2021-12-09 12:21:09'),
(41, 243, 0, 0, 14, 'S20FMA00163B', -1, 1, 0, 3, '2021-12-09 12:27:26'),
(42, 246, 64, 6, 154, 'RR167-037764', 1, 1, 14, 4, '2021-12-10 09:53:41'),
(43, 247, 0, 0, 114, 'S2087A00107B', -1, 1, 0, 3, '2021-12-10 10:26:24'),
(44, 249, 66, 6, 29, 'S02P2A00337C', 1, 1, 2, 4, '2021-12-10 11:53:57'),
(45, 251, 69, 6, 2, 'S20FMA00164B', 1, 1, 2, 4, '2021-12-10 12:02:56'),
(46, 252, 70, 6, 1, '100', 1, 1, 2, 4, '2021-12-10 12:09:14'),
(47, NULL, 72, 5, 38, '123asd', 1, 1, 0, 5, '2021-12-11 19:33:06'),
(48, NULL, 78, 5, 218, '', 1, 1, 0, 5, '2021-12-22 19:07:40'),
(49, NULL, 80, 5, 110, '', 1, 1, 0, 5, '2021-12-22 19:54:44'),
(50, NULL, 81, 5, 110, 'z23', 1, 1, 0, 5, '2021-12-22 19:55:19'),
(51, NULL, 81, 5, 110, 'z12', 1, 1, 0, 5, '2021-12-22 19:55:19');

-- --------------------------------------------------------

--
-- Struktura tabeli dla tabeli `damaged_devices_status`
--

DROP TABLE IF EXISTS `damaged_devices_status`;
CREATE TABLE `damaged_devices_status` (
  `id` int(11) NOT NULL,
  `name` varchar(255) COLLATE latin2_bin NOT NULL
) ENGINE=InnoDB DEFAULT CHARSET=latin2 COLLATE=latin2_bin;

--
-- Zrzut danych tabeli `damaged_devices_status`
--

INSERT INTO `damaged_devices_status` (`id`, `name`) VALUES
(1, 'Uszkodzone'),
(2, 'Działające'),
(3, 'Na magazynie'),
(4, 'Odesłano do serwisu'),
(5, 'Do utylizacji'),
(6, 'W naprawie');

-- --------------------------------------------------------

--
-- Struktura tabeli dla tabeli `mennica_services`
--

DROP TABLE IF EXISTS `mennica_services`;
CREATE TABLE `mennica_services` (
  `id` int(11) NOT NULL,
  `service_name` varchar(255) CHARACTER SET utf8 NOT NULL,
  `name` varchar(255) CHARACTER SET utf8 NOT NULL,
  `address` varchar(255) CHARACTER SET utf8 NOT NULL,
  `phone` text DEFAULT NULL
) ENGINE=InnoDB DEFAULT CHARSET=latin1;

--
-- Zrzut danych tabeli `mennica_services`
--

INSERT INTO `mennica_services` (`id`, `service_name`, `name`, `address`, `phone`) VALUES
(1, 'AMMERO ', 'Radosław Pałka', 'ul. Wiosenna 33L /2  55-093 KIEŁCZÓW ', '785 504 050'),
(2, 'GRINSTAL ', 'Jan Poradzisz', 'Węglówka 204,  32-412 Wiśniowa ', '500 311 888'),
(3, 'COINMAX', '', 'Człuchowska 37B,  01-360 Warszawa', NULL),
(4, 'SIX-Group', 'Piotr Wieczorek', 'Warszawa ul. Prosta 68 ', '880 788 832'),
(5, 'Serwis Asec KRK', 'Mikołaj Kaim', 'ul. Wadowicka 6\r\n30-415 Kraków\r\n', '604 507 022'),
(6, 'MBS Computergraphik', '', 'ul. Grodziska 1505-870 Błonie', '227 253 676'),
(7, 'Technologia Dotyku', '', 'ul. Galaktyczna 23, \r\n80-299 Gdańsk\r\n', '600 928 766'),
(8, 'POLSKIE E PŁATNOŚCI S.A. ', 'Rafał Szpak', 'ul. Wspólna 2 BUD F, \r\n35-205  Rzeszów\r\n', '507 001 503'),
(9, 'FLOWBIRD                                 ', '', 'Service réparations\r\nParc La Fayette \r\n6 rue Isaac Newton \r\n25075 Besançon\r\nFrance\r\n', NULL),
(10, 'SUZOHAPP   ', 'Robert Moiczek    ', 'ul. Składowa 1 B, 62-023, KONINKO', '728 925 871'),
(11, 'Stoltronic', 'Ewa Sedkiewicz', 'ul. Papiernicza 7, 92-312 Łódź', '512 397 718'),
(12, 'Mellon Poland', 'Jarosław Bankiewicz', 'ul. Łopuszańska 36., 02-220 Warszawa', '739 000 923'),
(13, 'BSC Bill Sense & Count Europe GmbH', 'Dirk Bölling      ', 'In den Blessen 2, 49328 Melle-Buer ', '49 1727055307'),
(14, 'SVS', 'Eryk Chabinski', 'al. Jerozolimskie 184B, 02-496 Warszawa', '734139547'),
(15, 'Flomar 2 S.C. ', 'Maciej Janosz     ', 'ul. Kościelniaka 26 41-400 Mysłowice ', '533 173 033');

-- --------------------------------------------------------

--
-- Struktura tabeli dla tabeli `products`
--

DROP TABLE IF EXISTS `products`;
CREATE TABLE `products` (
  `id` int(11) NOT NULL,
  `name` varchar(255) COLLATE latin2_bin NOT NULL,
  `automat_type` varchar(255) COLLATE latin2_bin NOT NULL,
  `storage_id` int(2) NOT NULL,
  `sn_required` varchar(255) COLLATE latin2_bin NOT NULL,
  `is_active` enum('0','1') COLLATE latin2_bin NOT NULL DEFAULT '1'
) ENGINE=InnoDB DEFAULT CHARSET=latin2 COLLATE=latin2_bin;

--
-- Zrzut danych tabeli `products`
--

INSERT INTO `products` (`id`, `name`, `automat_type`, `storage_id`, `sn_required`, `is_active`) VALUES
(1, 'Z - Drukarka Edmonson Macro-System (ASMA30060)', 'ZVM (ZTM36)', 1, 'required', '1'),
(2, 'IMS - Drukarka Edmonson HICO  (ASMA20052))', 'SVM (Merona) / TVM (Parkeon)', 1, 'required', '1'),
(3, 'Bilon 0,01 GR.', 'ALL ', 1, '', '1'),
(4, 'Bilon 0,05 GR.', 'ALL ', 1, '', '1'),
(5, 'Bilon 0,10 GR.', 'ALL ', 1, '', '1'),
(6, 'Bilon 0,20 GR.', 'ALL ', 1, '', '1'),
(7, 'Bilon 0,50 GR.', 'ALL ', 1, '', '1'),
(8, 'Bilon  1  ZŁ.', 'ALL ', 1, '', '1'),
(9, 'Bilon  2  ZŁ.', 'ALL ', 1, '', '1'),
(10, 'Bilon  5  ZŁ.', 'ALL ', 1, '', '1'),
(11, 'Z - Papier biletowy Edmonson 1000 (mała rolka)', 'ZVM (ZTM36)', 1, '', '1'),
(12, 'Papier biletowy Edmonson 2000 (duża rolka)', 'SVM (Merona) / TVM (Parkeon)', 1, '', '1'),
(13, 'SAB - Papier biletowy WKD', 'SAB - WKD', 1, '', '1'),
(14, 'T - IML - Drukarka paragonowa (ASMA20057)', 'TVM (Parkeon)', 1, 'required', '1'),
(15, 'Papier biletowy KM', 'SVM (Merona)', 1, '', '1'),
(16, 'M - NV200 Czytnik banknotów (ASMA30034)', 'SVM (Merona)', 1, 'required', '1'),
(17, 'M - NV200 Skarbiec banknotów (ASMA30035)', 'SVM (Merona)', 1, 'required', '1'),
(18, 'M - NV200 Magazyn pośredni (bankownik)', 'SVM (Merona)', 1, 'required', '1'),
(19, 'M - NV200 Chassis', 'SVM (Merona)', 1, 'required', '1'),
(20, 'M - Drukarka Hengstler XPM80 - KM (ASMA30021)', 'SVM (Merona)', 1, 'required', '1'),
(21, 'Papier biletowy ŁKA', 'ALL ', 1, '', '1'),
(22, 'T - Papier paragonowy IML (RTP 54/330/70)', 'TVM (Parkeon)', 1, '', '1'),
(23, 'Papier paragonowy Custom (RTP 78/235/25)', 'ALL ', 1, '', '1'),
(24, 'Dysk HDD (do rejestratora) (ASMA50002)', 'ALL ', 1, 'required', '1'),
(25, 'M - Dysk SSD (systemowy / dysk Z) (ASMA50009)', 'SVM (Merona) / ZVM (ZTM36)', 1, 'required', '1'),
(26, 'T - Komputer PC (ASMA20083)', 'TVM (Parkeon)', 1, 'required', '1'),
(27, 'T - Dispatcher (ASMA20005)', 'TVM (Parkeon)', 1, 'required', '1'),
(28, 'M - Przetwornica do panelu LCD (ASMA30025)', 'SVM (Merona)', 1, '', '1'),
(29, 'T - Powering KIT (ASMA20029)', 'TVM (Parkeon)', 1, 'required', '1'),
(30, 'T - Karuzela', 'TVM (Parkeon)', 1, 'required', '1'),
(31, 'T - Coin selector (ASMA20000)', 'TVM (Parkeon)', 1, 'required', '1'),
(32, 'T - Hopper 10 gr.', 'TVM (Parkeon)', 1, 'required', '0'),
(33, 'T - Hopper 20 gr.', 'TVM (Parkeon)', 1, 'required', '0'),
(34, 'T - Hopper 50 gr.', 'TVM (Parkeon)', 1, 'required', '0'),
(35, 'T - Hopper  1 zł. (ASMA20010)', 'TVM (Parkeon)', 1, 'required', '1'),
(36, 'T - Hopper 2 zł.', 'TVM (Parkeon)', 1, 'required', '0'),
(37, 'T - Hopper 5 zł.', 'TVM (Parkeon)', 1, 'required', '0'),
(38, 'T - BNA Sodeco (ASTW00069)', 'TVM (Parkeon)', 1, 'required', '1'),
(39, 'T - Skarbiec banknotów BNA Mei Sodeco', 'TVM (Parkeon)', 1, '', '1'),
(40, 'T - Skarbiec bilonu (ASMA20006)', 'TVM (Parkeon)', 1, '', '1'),
(41, 'Valina (ASMA50224)', 'ALL ', 1, 'required', '1'),
(42, 'CAD30 - Czytnik (LAN) (ASTW00442)', 'SVM (Merona) / TVM (Parkeon)', 1, 'required', '1'),
(43, 'CAD30 - Pinpad (ASTW00361)', 'SVM (Merona) / TVM (Parkeon)', 1, 'required', '1'),
(44, 'CAD30 - Antena paypass SATURN (10066307F)', 'SVM (Merona) / TVM (Parkeon)', 1, 'required', '1'),
(45, 'SAB - INGENICO IUR250 Czytnik ', 'SAB', 1, 'required', '1'),
(46, 'SAB - INGENICO IUP250 Pinpad', 'SAB', 1, 'required', '1'),
(47, 'SAB - Antena paypas INGENICO IUC150', 'SAB', 1, 'required', '1'),
(48, 'T - Armored Glass (szyba) (ASMA20043)', 'TVM (Parkeon)', 1, '', '1'),
(49, 'T - Panel dotykowy (ASMA20038)', 'TVM (Parkeon)', 1, '', '1'),
(50, 'T - Panel LCD - Ekran (ASMA20039)', 'TVM (Parkeon)', 1, 'required', '1'),
(51, 'M - Panel dotykowy 15 IR (ASMA30023)', 'SVM (Merona)', 1, '', '1'),
(52, 'M - Panel LCD Ekran (ASMA30022)', 'SVM (Merona)', 1, 'required', '1'),
(53, 'M - TOYO BV-6200 (ASMA30024)', 'SVM (Merona)', 1, 'required', '0'),
(54, 'Wrzutnik Currenza C2 (ASMA30002)', 'SVM (Merona) / ZVM (ZTM36)', 1, 'required', '1'),
(55, 'M - Kasa pośrednia - nowy typ (0000015)', 'SVM (Merona)', 1, '', '1'),
(56, 'M - Kasa pośrednia (stary typ)', 'SVM (Merona)', 1, '', '1'),
(57, 'Drukarka paragonowa CUSTOM', 'SVM (Merona)', 1, 'required', '0'),
(58, 'SAB - Drukarka GEBE (ASMA50029)', 'SAB', 1, 'required', '1'),
(59, 'SAB - Karuzela Berlin5 - WKD (ASMA50090)', 'SAB', 1, 'required', '1'),
(60, 'SAB - Wkładka zamka Abloy KM', 'SAB', 1, '', '1'),
(61, 'M - Wkładka zamka DOOM (górna) TK 611650', 'SVM (Merona)', 1, '', '1'),
(62, 'M - Wkładka zamka DOOM (podest) TK 611649', 'SVM (Merona)', 1, '', '1'),
(63, 'M - Wkładka zamka DOOM (dolna) TK 611651 (D004)', 'SVM (Merona)', 1, '', '1'),
(64, 'M - Wlot monet ', 'SVM (Merona)', 1, 'required', '0'),
(65, 'UPS - Eaton Ellipse ECO USB', 'SVM (Merona) / ZVM (ZTM36)', 1, 'required', '1'),
(66, 'M - Płyta dystrybucyjna MDB4 (ASMA30014)', 'SVM (Merona)', 1, 'required', '1'),
(67, 'M - Zasilacz impulsowy EZP50-03', 'SVM (Merona)', 1, 'required', '1'),
(68, 'M - Kamera rynna (duża - stary typ) (ASTW00467)', 'SVM (Merona)', 1, '', '1'),
(69, 'M - Skarbiec bilonu (ASMA30000)', 'SVM (Merona)', 1, '', '1'),
(70, 'SAB - Drukarka EP802TM paragonowa (ASMA50081)', 'SAB', 1, 'required', '1'),
(71, 'M - Pakiet złącz płyty MDB4', 'SVM (Merona)', 1, 'required', '1'),
(72, 'M - Czytnik HID OMNIKEY 3021 USB (ASTW00465)', 'SVM (Merona)', 1, 'required', '1'),
(73, 'M - Płytka skarbca  bilonu Id-Kas-1 (ASMA30050)', 'SVM (Merona) / TVM (Parkeon)', 1, '', '1'),
(74, 'T - MIFARE (ELM404304686)', 'TVM (Parkeon)', 1, 'required', '1'),
(75, 'T - Przetwornica do panelu LCD ', 'TVM (Parkeon)', 1, '', '1'),
(76, 'SAB - Monitor dotykowy BIRD I5JCK (ASMA50092)', 'SAB', 1, 'required', '1'),
(77, 'Z - Zasobnik hopperów  0,10 zł / 1 zł', 'ZVM (ZTM36)', 1, 'required', '1'),
(78, 'Z - Zasobnik hopperów  0,20 zł / 0,10 zł', 'ZVM (ZTM36)', 1, 'required', '1'),
(79, 'M - Zasobnik hopperów 1 zł / 5 zł', 'SVM (Merona)', 1, 'required', '1'),
(80, 'M - Zasobnik hopperów 2 zł / 1 zł.', 'SVM (Merona)', 1, 'required', '1'),
(81, 'M - Zasobnik hopperów 0,05 zł / 0,01 zł.', 'SVM (Merona)', 1, 'required', '1'),
(82, 'M - Zasobnik hopperów 1 zł. / 0,10 zł.', 'SVM (Merona)', 1, 'required', '1'),
(83, 'M - Zasobnik hopperów 0,20 zł / 0,10 zł.', 'SVM (Merona)', 1, 'required', '1'),
(84, 'Kamera PINHOLE (do monitoringu) (ASTW00469)', 'ALL ', 1, '', '1'),
(85, 'SAB - Rejestrator BCS XVR0401E-IV (ASMA50001)', 'SAB', 1, 'required', '1'),
(86, 'Z - Daszek (czapka obudowy)', 'ZVM (ZTM36)', 1, '', '1'),
(87, 'M - Front panel CUSTOM ', 'SVM (Merona)', 1, '', '1'),
(88, 'M - Nagrzewnica STEGO CS /F 060 (ASMA50028)', 'SVM (Merona) / ZVM (ZTM36)', 1, 'required', '1'),
(89, 'T - Syrena alarmowa (ASMA20023)', 'TVM (Parkeon)', 1, '', '1'),
(90, 'T - Nagrzewnica STEGO CS 130 (ASMA20085)', 'TVM (Parkeon)', 1, 'required', '1'),
(91, 'M - Bezpiecznik różnicowo-prądowy C16/1N/003', 'SVM (Merona)', 1, '', '1'),
(92, 'Bezpiecznik nadprądowy 230V (ASMA50016)', 'ALL ', 1, '', '1'),
(93, 'M - Rozłącznik czujnika zmierzchu', 'SVM (Merona)', 1, '', '1'),
(94, 'M - Plastikowa kieszeń MIFARE', 'SVM (Merona)', 1, '', '1'),
(95, 'M - Pleksi oświetlenia daszka (ASMA30041)', 'SVM (Merona)', 1, '', '1'),
(96, 'M - PC Kino HM551 bez dysków SSD (ASMA30027)', 'SVM (Merona)', 1, '', '1'),
(97, 'M - Konwerter MDB Pulse', 'SVM (Merona)', 1, '', '1'),
(98, 'T - Modem GSM USB (PEN) (ASMA30055)', 'TVM (Parkeon)', 1, '', '1'),
(99, 'Wireless USB Adapter TP-Link TL-WN722N', 'ALL ', 1, 'required', '1'),
(100, 'MAB - Konwerter DC/DC50SD', 'ALL ', 1, 'required', '1'),
(101, 'SAB - Wlot monet ES005.SH/4 (ASMA50089)', 'SAB', 1, 'required', '1'),
(102, 'SAB - Akcelerator monet WMB100 (50091)', 'SAB', 1, 'required', '1'),
(103, 'SAB - Akceprot monet EMP820.13  (50087)', 'SAB', 1, 'required', '1'),
(104, 'SAB - Hopper berlin WHM 100.C (ASMA50082)', 'SAB', 1, 'required', '1'),
(105, 'M - Zasilacz impulsowy EZP50-13', 'SVM (Merona)', 1, 'required', '1'),
(106, 'Z - BNR (zestaw bez skarbca)', 'ZVM (ZTM36)', 1, 'required', '1'),
(107, 'T - Antena dachowa', 'TVM (Parkeon)', 1, '', '1'),
(108, 'M - Antena dachowa GSM (ASMA30013)', 'SVM (Merona)', 1, '', '1'),
(109, 'SAB - Antena dachowa  SMA 2-systemowa (ASMA50120)', 'SAB', 1, '', '1'),
(110, 'M - TOYO Skarbiec banknotów  BNK-60A4G', 'SVM (Merona)', 1, 'required', '1'),
(111, 'M - Zasobnik hopperów 0,50 zł / 0,10 zł.', 'SVM (Merona)', 1, 'required', '1'),
(112, 'T - Hopper 0,10 zł. (ASMA20009)', 'TVM (Parkeon)', 1, 'required', '1'),
(113, 'T - Hopper 0,20 zł. (ASMA20010)', 'TVM (Parkeon)', 1, 'required', '1'),
(114, 'T - Hopper 0,50 zł. (ASMA20010)', 'TVM (Parkeon)', 1, 'required', '1'),
(115, 'T - Hopper  1 zł.', 'TVM (Parkeon)', 1, 'required', '0'),
(116, 'T - Hopper  2 zł. (ASMA20011)', 'TVM (Parkeon)', 1, 'required', '1'),
(117, 'T - Hopper  5 zł. (ASMA20012)', 'TVM (Parkeon)', 1, 'required', '1'),
(118, 'M - Drzwi stary typ - przed modernizacją (wysokie okno)', 'SVM (Merona)', 1, '', '1'),
(119, 'M - Drzwi nowy typ KM (niskie okno)', 'SVM (Merona)', 1, '', '1'),
(120, 'T - Drzwi standard (MEC1000009472)', 'TVM (Parkeon)', 1, '', '1'),
(121, 'M - Daszek wąski 43cm', 'SVM (Merona)', 1, '', '1'),
(122, 'M - Daszek szeroki 48cm', 'SVM (Merona)', 1, '', '1'),
(123, 'T - Daszek standard', 'TVM (Parkeon)', 1, '', '1'),
(124, 'Z - Panel LCD Ekran', 'ZVM (ZTM36)', 1, 'required', '1'),
(125, 'Z - Bezpiecznik różnicowo-prądowy C10/2P/003', 'ZVM (ZTM36)', 1, '', '1'),
(126, 'T - Płyta dystrybucyjna TVM', 'TVM (Parkeon)', 1, 'required', '1'),
(127, 'M - Drukarka paragonowa CUSTOM (ASMA30026)', 'SVM (Merona)', 1, 'required', '1'),
(128, 'T - Dysk IDE systemowy (ASMA20084)', 'TVM (Parkeon)', 1, 'required', '1'),
(129, 'T - Lampa sygnalizacyjna (404001794)', 'TVM (Parkeon)', 1, '', '1'),
(130, 'Kabel RS232 9Pin SKROSOWANY - Ż/Ż (ASMA00827)', 'SVM (Merona) / ZVM (ZTM36)', 1, '', '1'),
(131, 'M - Buła zamka', 'SVM (Merona)', 1, '', '1'),
(132, 'M - Modem GSM M2M Motorola  (ASMA30012)', 'SVM (Merona)', 1, 'required', '1'),
(133, 'T - Ustnik monet', 'TVM (Parkeon)', 1, '', '1'),
(134, 'T - Ramka ustnika monet (504494D)', 'TVM (Parkeon)', 1, '', '1'),
(135, 'T - Płyta sterująca karuzeli TVM (404001689-F)', 'TVM (Parkeon)', 1, 'required', '1'),
(136, 'M - Wlot monet ES003 S/4 (ASMA30004)', 'SVM (Merona)', 1, 'required', '1'),
(137, 'M - Wkładka zamka DOOM (TK611769)', 'SVM (Merona)', 1, '', '1'),
(138, 'M - Wkładka zamka DOOM (TK611648)', 'SVM (Merona)', 1, '', '1'),
(139, 'M - Silnik zwrotu monet (Currenza)', 'SVM (Merona)', 1, '', '1'),
(140, 'T - Płyta sterująca karuzeli TVM (404000712)', 'TVM (Parkeon)', 1, 'required', '1'),
(141, 'T - Panel LED ST56883E (kieszeń biletowa)', 'TVM (Parkeon)', 1, '', '1'),
(142, 'T - Płytka przetwornicy TVM  (ST56883E) ', 'TVM (Parkeon)', 1, '', '1'),
(143, 'Switch TP-Link 5-Port 10/100 (ASTW00456)', 'ALL ', 1, 'required', '1'),
(144, 'SAB - Wkładka zamka Abloy WKD', 'SAB', 1, '', '1'),
(145, 'Z - Wkładka zamka Abloy ', 'ZVM (ZTM36)', 1, '', '1'),
(146, 'M - Wkładka zamka skarbca BV6200 (2C2)', 'SVM (Merona)', 1, '', '1'),
(147, 'M - Wkładka zamka - wyjęcie skarbca BV6200 (2C1)', 'SVM (Merona)', 1, '', '1'),
(148, 'M - Wkładka zamka Abloy (górna-niebieski)', 'SVM (Merona)', 1, '', '1'),
(149, 'M - Wkładka zamka Abloy (dolna-czerwony)', 'SVM (Merona)', 1, '', '1'),
(150, 'M - Wkadka zamka DOOM Buła (TK611696)', 'SVM (Merona)', 1, '', '1'),
(151, 'M - wkładka zamka currenza (2D80)', 'SVM (Merona)', 1, '', '1'),
(152, 'M - Wkładka zamka BV6200 (01226601)', 'SVM (Merona)', 1, '', '1'),
(153, 'Terminal - Antena krótka przykręcana (ASTW00003)', 'Terminal', 1, '', '1'),
(154, 'Czytnik ACS WKM  / KM ACR1281U (ASTW00451)', 'SVM (Merona) / ZVM (ZTM36)', 1, 'required', '1'),
(155, 'Terminal - Osłona czytnika I4V (ASMA00790)', 'Terminal', 1, '', '1'),
(156, 'T - Rejestrator TVM  BCS0404LE-AN (ASTW00466)', 'TVM (Parkeon)', 1, 'required', '1'),
(157, 'M - Rejestrator SVM BCS-DVR0401QEA', 'SVM (Merona)', 1, 'required', '1'),
(158, 'M - Pleksi czytnika ACS WKM (ASMA30038)', 'SVM (Merona)', 1, '', '1'),
(159, 'M - Syrena alarmowa SVM', 'SVM (Merona)', 1, '', '1'),
(160, 'T - Przetwornica TVM (XLB4400) (ASMA20028)', 'TVM (Parkeon)', 1, 'required', '1'),
(161, 'M - BV6200G TOYOCOM (ASMA30024)', 'SVM (Merona)', 1, 'required', '1'),
(162, 'Z - Zasilacz impulsowy EZP50-14 (ZTM36) (ASMA30061)', 'ZVM (ZTM36)', 1, 'required', '1'),
(163, 'Z - Zwrotnica biletowa do drukarki Macro-system', 'ZVM (ZTM36)', 1, '', '1'),
(164, 'Terminal - Modem GT864-QUAD', 'Terminal', 1, 'required', '1'),
(165, 'M - Wiązka LVDS', 'SVM (Merona)', 1, '', '1'),
(166, 'M - Puszka instalacyjna EZ2-4742', 'SVM (Merona)', 1, '', '1'),
(167, 'SAB - Hopper SuzoHapp 0,01zł. 18-110-400-303 (ASMA50207)', 'SAB', 1, 'required', '1'),
(168, 'Z - Skarbiec bilonu (ZTM)', 'ZVM (ZTM36)', 1, '', '1'),
(169, 'Z - Skarbiec banknotów BNR Mei (ZTM) CB S-M105-M', 'ZVM (ZTM36)', 1, 'required', '1'),
(170, 'SAB - Skarbiec bilonu (WKD / KM)', 'SAB', 1, '', '1'),
(171, 'SAB - Zasilacz główny (WKD / KM)', 'SAB', 1, '', '1'),
(172, 'M - Moduł IF17', 'SVM (Merona)', 1, '', '1'),
(173, 'M - Wnęka montażowa ekranu (stary typ)', 'SVM (Merona)', 1, '', '1'),
(174, 'M - Wnęka montażowa CAD30', 'SVM (Merona)', 1, '', '1'),
(175, '', 'null', 0, '', '1'),
(176, 'M - Wnęka montażowa Valina', 'SVM (Merona)', 1, '', '1'),
(177, 'SAB - Wnęka montażowa Valina   bilon', 'SAB', 1, '', '0'),
(178, 'SAB - Wnęka montażowa Valina   bilon', 'SAB', 1, '', '1'),
(179, 'Mata izolacyjna ', 'ALL ', 1, '', '1'),
(180, '', 'null', 0, '', '1'),
(181, 'T - Wentylator Ebmpapst 4312NHH (podest) (ASMA20020)', 'TVM (Parkeon)', 1, '', '1'),
(182, 'T - Wentylator Ebmpapst 3412NHH (pod PC) (ASMA20026)', 'TVM (Parkeon)', 1, '', '1'),
(183, 'T - Filtr piankowy wentylatora 4312', 'TVM (Parkeon)', 1, '', '1'),
(184, 'T - Filtr piankowy wentylatora 3412 (ASMA20021)', 'TVM (Parkeon)', 1, '', '1'),
(185, 'T - Osłona z filtrem wentylatora 4312', 'TVM (Parkeon)', 1, '', '1'),
(186, '', 'null', 0, '', '1'),
(187, 'Z - Kamera kopułka IR (coin system) (ASTW00553)', 'ZVM (ZTM36)', 1, '', '1'),
(188, 'Kamera daszek (SAB / SVM)', 'ALL ', 1, '', '0'),
(189, 'Kamera daszek (SAB / SVM) (ASTW00468)', 'ALL ', 1, '', '1'),
(190, 'T - Płytka ekranu LCD (ST13213C)', 'TVM (Parkeon)', 1, 'required', '1'),
(191, 'M - Listwa LED oświetlenie daszka', 'SVM (Merona)', 1, '', '1'),
(192, 'MAB - Zasilacz DC/DC50SD', 'ALL ', 1, 'required', '1'),
(193, 'MAB - Antena zewnętrzna', 'ALL ', 1, '', '1'),
(194, 'SAB - Silnik zwrotu monet Berlin EMR200E (ASMA50088)', 'SAB', 1, 'required', '1'),
(195, 'Terminal - Czytnik I4V  (ASWG00091))', 'Terminal', 1, '', '1'),
(196, 'Terminal - Zasilacz 9V', 'Terminal', 1, '', '1'),
(197, 'Terminal - Zasilacz modemu GT864-QUAD CEP AG (ASTW00224)', 'Terminal', 1, '', '1'),
(198, 'M - Chassis Hengstler (2 Tory) (ASMA30048)', 'SVM (Merona)', 1, '', '1'),
(199, 'M - Chassis Edmonson (2 Tory)', 'SVM (Merona)', 1, '', '1'),
(200, 'M - Drzwi komory zasilania', 'SVM (Merona)', 1, '', '1'),
(201, 'Z - Chassis zespołu zasilacza EZP 50-14', 'ZVM (ZTM36)', 1, '', '1'),
(202, 'M - Listwa zasilania ZPAZ (górna)', 'SVM (Merona)', 1, '', '1'),
(203, 'T - Osłona metalowa BNA (antywłamaniowa)', 'TVM (Parkeon)', 1, '', '1'),
(204, 'T - Kieszeń biletowa', 'TVM (Parkeon)', 1, '', '1'),
(205, 'M - Kieszeń biletowa', 'SVM (Merona)', 1, '', '1'),
(206, 'Drukarka InterCity Hengstler (0684801)', 'ALL ', 1, '', '1'),
(207, 'Przetwornica UPS 600W/PN-92  12V DC (ASTW00460) ', 'ALL ', 1, 'required', '1'),
(208, 'Przetwornica UPS PA-120N-13C  13,8V DC', 'ALL ', 1, 'required', '1'),
(209, 'Przetwornica / ładowarka MXS 3.6  14,4V DC (ASTW00461)', 'ALL ', 1, 'required', '1'),
(210, 'T - Plastikowa kieszeń MIFARE', 'TVM (Parkeon)', 1, '', '1'),
(211, 'T - Panel informacyjny ', 'TVM (Parkeon)', 1, '', '1'),
(212, 'Z - Płyka sterująca głowicy X-56 drukarki Macrosystem ', 'ZVM (ZTM36)', 1, '', '1'),
(213, 'Z - Głowica X-56 drukarki Macrosystem', 'ZVM (ZTM36)', 1, '', '1'),
(214, 'Z - Płyta magnetyzera drukarki Macrosystem', 'ZVM (ZTM36)', 1, '', '1'),
(215, 'T - Pleksi kieszeni biletowej', 'TVM (Parkeon)', 1, '', '1'),
(216, 'Router RUT240 Teltonika (ASMA50027)', 'ALL ', 1, 'required', '1'),
(217, 'M - Obudowa uchylna monitora LCD SVM (ASMA30063)', 'SVM (Merona)', 1, '', '1'),
(218, 'Akumulator 12V 7 lub 7,2Ah (ASTW00002) ', 'ALL ', 1, '', '1'),
(219, 'M - Wkładka zamka 01226691', 'SVM (Merona)', 1, '', '1'),
(220, 'M - Wkładka zamka 01223641', 'SVM (Merona)', 1, '', '1'),
(221, 'M - Wkładka zamka 01223631', 'SVM (Merona)', 1, '', '1'),
(222, 'M - Wkładka zamka 01226711', 'SVM (Merona)', 1, '', '1'),
(223, 'T - Front panel NICHE (MEC100009470)', 'TVM (Parkeon)', 1, '', '1'),
(224, 'T - Front Panel BANNER (MEC1000009291) ', 'TVM (Parkeon)', 1, '', '1'),
(225, 'T - Front Panel FACE ETIQUETTE (MEC1000009467) ', 'TVM (Parkeon)', 1, '', '1'),
(226, 'M - Wnęka montażowa Valina', 'SVM (Merona)', 1, '', '1'),
(227, 'UPS - Eaton Ellipse ECO USB - 1200', 'ALL ', 1, 'required', '1'),
(228, 'Verifone Vx 510 ', 'Terminal', 1, '', '1'),
(229, 'VeriFone - Vx 520', 'Terminal', 1, '', '1');

-- --------------------------------------------------------

--
-- Struktura tabeli dla tabeli `product_details`
--

DROP TABLE IF EXISTS `product_details`;
CREATE TABLE `product_details` (
  `id` int(11) NOT NULL,
  `product_id` int(11) NOT NULL,
  `sn` varchar(255) COLLATE latin2_bin NOT NULL,
  `arrival_id` int(11) NOT NULL,
  `storage_id` int(11) NOT NULL,
  `product_status_id` int(11) NOT NULL,
  `product_status_change_datetime` datetime NOT NULL
) ENGINE=InnoDB DEFAULT CHARSET=latin2 COLLATE=latin2_bin;

--
-- Zrzut danych tabeli `product_details`
--

INSERT INTO `product_details` (`id`, `product_id`, `sn`, `arrival_id`, `storage_id`, `product_status_id`, `product_status_change_datetime`) VALUES
(1, 17, '', 1, 1, 1, '2021-08-20 12:24:40'),
(2, 68, '', 2, 1, 1, '2021-08-20 12:36:36'),
(3, 68, '', 1, 1, 1, '2021-08-20 12:52:21'),
(4, 17, '', 1, 1, 1, '2021-08-20 12:52:21'),
(5, 56, '', 2, 1, 1, '2021-08-20 14:06:54'),
(6, 68, '', 3, 1, 1, '2021-08-20 16:40:55'),
(7, 70, 'MS2009090035', 4, 1, 1, '2021-08-23 10:08:13'),
(8, 70, 'MS2009090036', 4, 1, 1, '2021-08-23 10:08:13'),
(9, 70, 'MS2001160489', 4, 1, 1, '2021-08-23 10:08:13'),
(10, 70, 'MS2001160475', 4, 1, 1, '2021-08-23 10:08:13'),
(11, 70, 'MS2001160303', 4, 1, 1, '2021-08-23 10:08:13'),
(12, 70, 'MS2001160302', 4, 1, 1, '2021-08-23 10:08:13'),
(13, 58, '23001820095800054', 5, 1, 1, '2021-08-23 10:18:31'),
(14, 58, '13081820075300057', 5, 1, 1, '2021-08-23 10:18:31'),
(15, 58, '13081820075300053', 5, 1, 1, '2021-08-23 10:18:31'),
(16, 58, '130818200075300105', 5, 1, 1, '2021-08-23 10:18:31'),
(17, 58, '20048971', 5, 1, 1, '2021-08-23 10:18:31'),
(18, 29, 'S02PA00426C', 6, 1, 1, '2021-08-23 10:28:43'),
(19, 14, 'S0272301413D', 7, 1, 1, '2021-08-23 10:28:52'),
(20, 14, 'S0272301639E', 7, 1, 1, '2021-08-23 10:28:52'),
(21, 19, '17440795', 8, 1, 1, '2021-08-23 10:39:36'),
(22, 19, '17414962', 8, 1, 1, '2021-08-23 10:39:36'),
(23, 19, '17414965', 8, 1, 1, '2021-08-23 10:39:36'),
(24, 19, '17439920', 8, 1, 1, '2021-08-23 10:39:36'),
(25, 19, 'UKS5116326', 8, 1, 1, '2021-08-23 10:39:36'),
(26, 19, '17439929', 8, 1, 1, '2021-08-23 10:39:36'),
(27, 19, '17414961', 8, 1, 1, '2021-08-23 10:39:36'),
(28, 19, '17439938', 8, 1, 1, '2021-08-23 10:39:36'),
(29, 19, '17439924', 8, 1, 1, '2021-08-23 10:39:36'),
(30, 16, 'R2517439934', 9, 1, 1, '2021-08-23 10:45:55'),
(31, 16, '2517440805', 9, 1, 1, '2021-08-23 10:45:55'),
(32, 16, 'R2547439935', 9, 1, 1, '2021-08-23 10:45:55'),
(33, 16, '2517440800', 9, 1, 1, '2021-08-23 10:45:55'),
(34, 1, '017', 10, 1, 1, '2021-08-23 12:15:37'),
(35, 1, '008', 10, 1, 1, '2021-08-23 12:15:37'),
(36, 2, 'S20FMA00072A', 10, 1, 1, '2021-08-23 12:15:37'),
(37, 2, 'S20FMA00070A', 10, 1, 1, '2021-08-23 12:15:37'),
(38, 20, 'S.1266078/0004/05.23', 10, 1, 1, '2021-08-23 12:15:37'),
(39, 2, 'S20FMA00218B', 11, 1, 1, '2021-08-23 12:44:16'),
(40, 2, 'S20FMA00012A', 11, 1, 1, '2021-08-23 12:44:16'),
(41, 2, 'S20FMA00021A', 11, 1, 1, '2021-08-23 12:44:16'),
(42, 2, 'S20FMA00162B', 11, 1, 1, '2021-08-23 12:44:16'),
(43, 2, 'S20FMA00072A', 11, 1, 1, '2021-08-23 12:44:16'),
(44, 2, 'S20FMA00070A', 11, 1, 1, '2021-08-23 12:44:16'),
(45, 20, '1266078/0004/05.23.2', 11, 1, 1, '2021-08-23 12:44:16'),
(46, 43, '13189pp80169414', 12, 1, 1, '2021-08-23 13:28:52'),
(47, 44, '98100093D24', 12, 1, 1, '2021-08-23 13:28:52'),
(48, 44, '98100093D2A', 12, 1, 1, '2021-08-23 13:28:52'),
(49, 44, '98100093D13', 12, 1, 1, '2021-08-23 13:28:52'),
(50, 42, '09253ca40010781', 12, 1, 1, '2021-08-23 13:28:52'),
(51, 42, '000381a3851a', 12, 1, 1, '2021-08-23 13:28:52'),
(52, 42, '547f54a2070c', 12, 1, 1, '2021-08-23 13:28:52'),
(53, 42, '09253ca40010783', 12, 1, 1, '2021-08-23 13:28:52'),
(54, 42, '09257ca40010943', 12, 1, 1, '2021-08-23 13:28:52'),
(55, 42, '09257ca40010926', 12, 1, 1, '2021-08-23 13:28:52'),
(56, 42, '13200ca80001966', 12, 1, 1, '2021-08-23 13:28:52'),
(57, 42, '09253ca40010780', 12, 1, 1, '2021-08-23 13:28:52'),
(58, 42, '11004ca40024951', 12, 1, 1, '2021-08-23 13:28:52'),
(59, 42, '12356ca70025606', 12, 1, 1, '2021-08-23 13:28:52'),
(60, 42, '09254ca40010839', 12, 1, 1, '2021-08-23 13:28:52'),
(61, 42, '09254ca40010810', 12, 1, 1, '2021-08-23 13:28:52'),
(62, 42, '09254ca40010836', 12, 1, 1, '2021-08-23 13:28:52'),
(63, 42, '09036ca40006165', 12, 1, 1, '2021-08-23 13:28:52'),
(64, 42, '13071ca70032176', 12, 1, 1, '2021-08-23 13:28:52'),
(65, 42, '09079ca40006891', 12, 1, 1, '2021-08-23 13:28:52'),
(66, 66, '', 13, 1, 1, '2021-08-23 13:29:02'),
(67, 71, '', 14, 1, 1, '2021-08-23 13:29:11'),
(68, 30, '0108', 15, 1, 1, '2021-08-23 13:35:49'),
(69, 30, 'S01LZ001636C', 15, 1, 1, '2021-08-23 13:35:49'),
(70, 30, 'S01LZ001678C', 15, 1, 1, '2021-08-23 13:35:49'),
(71, 30, '0111', 15, 1, 1, '2021-08-23 13:35:49'),
(72, 54, '001011854900100043', 16, 1, 1, '2021-08-23 13:40:33'),
(73, 54, '001011854900100007', 16, 1, 1, '2021-08-23 13:40:33'),
(74, 54, '001013018700100004', 16, 1, 1, '2021-08-23 13:40:33'),
(75, 54, '001013756800100049', 16, 1, 1, '2021-08-23 13:40:33'),
(76, 54, '001013018700100009', 16, 1, 1, '2021-08-23 13:40:33'),
(77, 54, '001011762900100033', 16, 1, 1, '2021-08-23 13:40:33'),
(78, 72, '', 17, 1, 1, '2021-08-23 13:43:54'),
(79, 24, 'WCC4J1VV9D86', 18, 1, 1, '2021-08-23 13:50:18'),
(80, 73, '', 19, 1, 1, '2021-08-23 13:50:43'),
(81, 74, 'S025O302693D', 20, 1, 1, '2021-08-23 13:56:05'),
(82, 74, 'S025O302734D', 20, 1, 1, '2021-08-23 13:56:05'),
(83, 74, 'S025O302703D', 20, 1, 1, '2021-08-23 13:56:05'),
(84, 74, 'S025O302696D', 20, 1, 1, '2021-08-23 13:56:05'),
(85, 74, 'S025O302735D', 20, 1, 1, '2021-08-23 13:56:05'),
(86, 74, 'S025O302694D', 20, 1, 1, '2021-08-23 13:56:05'),
(87, 74, 'S025O302733D', 20, 1, 1, '2021-08-23 13:56:05'),
(88, 74, 'S025O302691D', 20, 1, 1, '2021-08-23 13:56:05'),
(89, 74, 'S025O302690D', 20, 1, 1, '2021-08-23 13:56:05'),
(90, 74, 'S025O302732D', 20, 1, 1, '2021-08-23 13:56:05'),
(91, 74, 'S025O302692D', 20, 1, 1, '2021-08-23 13:56:05'),
(92, 74, 'S025O302695D', 20, 1, 1, '2021-08-23 13:56:05'),
(93, 75, '', 21, 1, 1, '2021-08-23 14:12:37'),
(94, 28, '', 21, 1, 1, '2021-08-23 14:12:37'),
(95, 48, '', 22, 1, 1, '2021-08-23 14:19:48'),
(96, 50, '841000733', 22, 1, 1, '2021-08-23 14:19:48'),
(97, 50, '929002271', 22, 1, 1, '2021-08-23 14:19:48'),
(98, 50, '841002483', 22, 1, 1, '2021-08-23 14:19:48'),
(99, 50, '841002023', 22, 1, 1, '2021-08-23 14:19:48'),
(100, 49, '', 22, 1, 1, '2021-08-23 14:19:48'),
(101, 41, 'CCF2595', 23, 1, 1, '2021-08-23 14:39:23'),
(102, 41, 'CCQ6480', 23, 1, 1, '2021-08-23 14:39:23'),
(103, 41, 'CCM3900', 23, 1, 1, '2021-08-23 14:39:23'),
(104, 41, 'CCG0052', 23, 1, 1, '2021-08-23 14:39:23'),
(105, 41, 'CCG0403', 23, 1, 1, '2021-08-23 14:39:23'),
(106, 41, 'CCG0011', 23, 1, 1, '2021-08-23 14:39:23'),
(107, 41, 'CCL9069', 23, 1, 1, '2021-08-23 14:39:23'),
(108, 41, 'CCQ6478', 23, 1, 1, '2021-08-23 14:39:23'),
(109, 41, 'CCG8337', 23, 1, 1, '2021-08-23 14:39:23'),
(110, 41, 'CCF3209', 23, 1, 1, '2021-08-23 14:39:23'),
(111, 76, '2020051912', 24, 1, 1, '2021-08-23 14:39:34'),
(112, 76, '2021010501', 24, 1, 1, '2021-08-23 14:39:34'),
(113, 78, '054', 25, 1, 1, '2021-08-23 15:02:24'),
(114, 78, '028', 25, 1, 1, '2021-08-23 15:02:24'),
(115, 78, '034', 25, 1, 1, '2021-08-23 15:02:24'),
(116, 78, '006', 25, 1, 1, '2021-08-23 15:02:24'),
(117, 78, '048', 25, 1, 1, '2021-08-23 15:02:24'),
(118, 77, '019', 25, 1, 1, '2021-08-23 15:02:24'),
(119, 77, '0070', 25, 1, 1, '2021-08-23 15:02:24'),
(120, 77, '0059', 25, 1, 1, '2021-08-23 15:02:24'),
(121, 77, '0103', 25, 1, 1, '2021-08-23 15:02:24'),
(122, 77, '059', 25, 1, 1, '2021-08-23 15:02:24'),
(123, 81, '114', 25, 1, 1, '2021-08-23 15:02:24'),
(124, 81, '13411', 25, 1, 1, '2021-08-23 15:02:24'),
(125, 81, '13324', 25, 1, 1, '2021-08-23 15:02:24'),
(126, 81, '113', 25, 1, 1, '2021-08-23 15:02:24'),
(127, 81, '0109', 25, 1, 1, '2021-08-23 15:02:24'),
(128, 83, '0115', 25, 1, 1, '2021-08-23 15:02:24'),
(129, 82, '7340', 25, 1, 1, '2021-08-23 15:02:24'),
(130, 82, '7429', 25, 1, 1, '2021-08-23 15:02:24'),
(131, 82, '7562', 25, 1, 1, '2021-08-23 15:02:24'),
(132, 79, '0112', 25, 1, 1, '2021-08-23 15:02:24'),
(133, 79, '0117', 25, 1, 1, '2021-08-23 15:02:24'),
(134, 80, '0118', 25, 1, 1, '2021-08-23 15:02:24'),
(135, 80, '0116', 25, 1, 1, '2021-08-23 15:02:24'),
(136, 80, '2205', 25, 1, 1, '2021-08-23 15:02:24'),
(137, 84, '6A002E3PAL30CD2', 26, 1, 1, '2021-08-23 15:21:07'),
(138, 84, '6A002E3PAL72D25', 26, 1, 1, '2021-08-23 15:21:07'),
(139, 84, '6A002E3PAL2DB2B', 26, 1, 1, '2021-08-23 15:21:07'),
(140, 84, '6A002E3PAL85503', 26, 1, 1, '2021-08-23 15:21:07'),
(141, 84, '6A002E3PALBF528', 26, 1, 1, '2021-08-23 15:21:07'),
(142, 84, '5J08A84PALD2702', 26, 1, 1, '2021-08-23 15:21:07'),
(143, 84, '6A002E3PAL4718E', 26, 1, 1, '2021-08-23 15:21:07'),
(144, 84, '6A002E3PALC8294', 26, 1, 1, '2021-08-23 15:21:07'),
(145, 84, '6A002E3PAL2C6EB', 26, 1, 1, '2021-08-23 15:21:07'),
(146, 84, '5C0734EPAGA8593', 26, 1, 1, '2021-08-23 15:21:07'),
(147, 84, '5J08A84PAL61A27', 26, 1, 1, '2021-08-23 15:21:07'),
(148, 84, '6A002E3PALA0C17', 26, 1, 1, '2021-08-23 15:21:07'),
(149, 84, '6A002E3PALE06A5', 26, 1, 1, '2021-08-23 15:21:07'),
(150, 84, '6A002E3PAL35687', 26, 1, 1, '2021-08-23 15:21:07'),
(151, 84, '6A002E3PALE8E71', 26, 1, 1, '2021-08-23 15:21:07'),
(152, 84, '5C0734EPAGAD963', 26, 1, 1, '2021-08-23 15:21:07'),
(153, 84, '6A002E3PALC7EAE', 26, 1, 1, '2021-08-23 15:21:07'),
(154, 84, '6A002E3PALA23A2', 26, 1, 1, '2021-08-23 15:21:07'),
(155, 84, '6A002E3PALF5F11', 26, 1, 1, '2021-08-23 15:21:07'),
(156, 84, '6A002E3PAL38A09', 26, 1, 1, '2021-08-23 15:21:07'),
(157, 84, '6A002E3PAL63B53', 26, 1, 1, '2021-08-23 15:21:07'),
(158, 84, '6A002E3PAL63C9A', 26, 1, 1, '2021-08-23 15:21:07'),
(159, 84, '6A002E3PAL9692F', 26, 1, 1, '2021-08-23 15:21:07'),
(160, 84, '6A002E3PAL63585', 26, 1, 1, '2021-08-23 15:21:07'),
(161, 84, '6A002E3PALF41B3', 26, 1, 1, '2021-08-23 15:21:08'),
(162, 84, '6A002E3PAL48153', 26, 1, 1, '2021-08-23 15:21:08'),
(163, 85, '5M013B1PAZB4EB2', 27, 1, 1, '2021-08-23 15:30:52'),
(164, 85, '5M013B1PAZ923DD', 27, 1, 1, '2021-08-23 15:30:52'),
(165, 85, '5M013B1PAZF009F', 27, 1, 1, '2021-08-23 15:30:52'),
(166, 85, '5M013B1PAZ40F63', 27, 1, 1, '2021-08-23 15:30:52'),
(167, 85, '5M013B1PAZA4AC2', 27, 1, 1, '2021-08-23 15:30:52'),
(168, 85, '5M013B1PAZ1EAD9', 27, 1, 1, '2021-08-23 15:30:52'),
(169, 85, '5M013B1PAZ81F51', 27, 1, 1, '2021-08-23 15:30:52'),
(170, 85, '5M013B1PAZD5398', 27, 1, 1, '2021-08-23 15:30:52'),
(171, 85, '5M013B1PAZ05D54', 27, 1, 1, '2021-08-23 15:30:52'),
(172, 85, '5M013B1PAZC8757', 27, 1, 1, '2021-08-23 15:30:52'),
(173, 85, '5M013B1PAZ81A2C', 27, 1, 1, '2021-08-23 15:30:52'),
(174, 85, '5M013B1PAZCDB81', 27, 1, 1, '2021-08-23 15:30:52'),
(175, 85, '5M013B1PAZFD1BD', 27, 1, 1, '2021-08-23 15:30:52'),
(176, 85, '5M013B1PAZB35EE', 27, 1, 1, '2021-08-23 15:30:52'),
(177, 85, '5M013B1PAZ3FD24', 27, 1, 1, '2021-08-23 15:30:52'),
(178, 86, '', 28, 1, 1, '2021-08-23 15:37:06'),
(179, 87, '', 29, 1, 1, '2021-08-23 15:45:01'),
(180, 43, '', 30, 1, 1, '2021-08-23 15:48:55'),
(181, 44, '', 31, 1, 1, '2021-08-23 15:53:02'),
(182, 88, '', 32, 1, 1, '2021-08-23 16:04:51'),
(183, 89, '', 33, 1, 1, '2021-08-23 16:04:59'),
(184, 90, '', 34, 1, 1, '2021-08-23 16:09:44'),
(185, 92, '', 35, 1, 1, '2021-08-23 16:18:16'),
(186, 91, '', 35, 1, 1, '2021-08-23 16:18:16'),
(187, 93, '', 36, 1, 1, '2021-08-23 16:18:30'),
(188, 94, '', 37, 1, 1, '2021-08-23 16:26:46'),
(189, 95, '', 38, 1, 1, '2021-08-23 16:30:55'),
(190, 59, '19B097010947/20', 39, 1, 1, '2021-08-23 16:38:55'),
(191, 59, '19B089738411/20', 39, 1, 1, '2021-08-23 16:38:55'),
(192, 59, '19B089738511/20', 39, 1, 1, '2021-08-23 16:38:55'),
(193, 96, '', 40, 1, 1, '2021-08-23 16:43:49'),
(194, 27, '0010', 41, 1, 1, '2021-08-23 17:00:17'),
(195, 100, '', 42, 1, 1, '2021-08-23 17:19:31'),
(196, 97, '', 42, 1, 1, '2021-08-23 17:19:31'),
(197, 101, '', 42, 1, 1, '2021-08-23 17:19:31'),
(198, 98, '', 42, 1, 1, '2021-08-23 17:19:31'),
(199, 99, '', 42, 1, 1, '2021-08-23 17:19:31'),
(200, 103, '', 43, 1, 1, '2021-08-23 17:19:43'),
(201, 102, '', 44, 1, 1, '2021-08-23 17:19:55'),
(202, 104, '', 44, 1, 1, '2021-08-23 17:19:55'),
(203, 67, '', 45, 1, 1, '2021-08-24 10:36:16'),
(204, 105, '', 45, 1, 1, '2021-08-24 10:36:16'),
(205, 65, '', 46, 1, 1, '2021-08-24 11:13:50'),
(206, 106, '', 47, 1, 1, '2021-08-24 11:15:58'),
(207, 25, '', 48, 1, 1, '2021-08-24 11:18:36'),
(208, 108, '', 49, 1, 1, '2021-08-26 11:20:15'),
(209, 107, '', 49, 1, 1, '2021-08-26 11:20:15'),
(210, 109, '', 49, 1, 1, '2021-08-26 11:20:15'),
(211, 1, 'xxx', 50, 1, 1, '2021-08-28 18:38:39'),
(212, 79, 'xxx', 51, 1, 1, '2021-08-30 08:14:47'),
(213, 79, 'xxx', 51, 1, 1, '2021-08-30 08:14:47'),
(214, 69, '', 51, 1, 1, '2021-08-30 08:14:47'),
(215, 111, 'xxx', 52, 1, 1, '2021-08-31 08:28:20'),
(216, 110, '24129', 52, 1, 1, '2021-08-31 08:28:20'),
(217, 112, '0081979', 53, 1, 1, '2021-08-31 09:42:04'),
(218, 114, '0080189', 53, 1, 1, '2021-08-31 09:42:04'),
(219, 81, '0119', 53, 1, 1, '2021-08-31 09:42:04'),
(220, 80, 'xxx', 54, 1, 1, '2021-09-01 07:12:42'),
(221, 69, '', 55, 1, 1, '2021-09-01 07:12:51'),
(222, 110, '28490', 55, 1, 1, '2021-09-01 07:12:51'),
(223, 120, '', 56, 1, 1, '2021-09-08 18:27:16'),
(224, 121, '', 57, 1, 1, '2021-09-08 18:27:33'),
(225, 122, '', 57, 1, 1, '2021-09-08 18:27:33'),
(226, 106, '', 58, 1, 2, '2021-11-05 13:34:00'),
(227, 49, '', 60, 1, 2, '2021-11-05 14:29:21'),
(228, 125, '', 62, 1, 1, '2021-11-10 22:29:33'),
(229, 126, '', 63, 1, 1, '2021-11-15 10:08:18'),
(230, 127, '', 64, 1, 1, '2021-11-15 10:08:25'),
(231, 24, '', 65, 1, 1, '2021-11-15 10:08:33'),
(232, 128, '', 66, 1, 1, '2021-11-15 10:15:14'),
(233, 128, '', 67, 1, 1, '2021-11-15 10:32:28'),
(234, 25, '', 67, 1, 1, '2021-11-15 10:32:28'),
(235, 24, '', 67, 1, 1, '2021-11-15 10:32:28'),
(236, 28, '', 68, 1, 1, '2021-11-15 10:32:35'),
(237, 72, '', 69, 1, 1, '2021-11-15 10:32:46'),
(238, 108, '', 70, 1, 1, '2021-11-15 10:35:13'),
(239, 129, '', 71, 1, 1, '2021-11-15 10:53:03'),
(240, 130, '', 72, 1, 1, '2021-11-15 10:53:11'),
(241, 131, '', 73, 1, 1, '2021-11-15 10:53:17'),
(242, 132, '', 74, 1, 1, '2021-11-15 10:53:24'),
(243, 132, '', 75, 1, 1, '2021-11-15 12:39:22'),
(244, 133, '', 76, 1, 1, '2021-11-15 12:39:30'),
(245, 134, '', 76, 1, 1, '2021-11-15 12:39:30'),
(246, 63, '', 77, 1, 1, '2021-11-15 12:39:39'),
(247, 61, '', 77, 1, 1, '2021-11-15 12:39:39'),
(248, 62, '', 77, 1, 1, '2021-11-15 12:39:39'),
(249, 135, '', 78, 1, 1, '2021-11-15 12:39:47'),
(250, 136, '', 79, 1, 1, '2021-11-15 12:50:11'),
(251, 102, '', 80, 1, 1, '2021-11-15 12:50:18'),
(252, 20, '', 81, 1, 1, '2021-11-15 12:55:17'),
(253, 103, '', 82, 1, 1, '2021-11-15 13:00:01'),
(254, 138, '', 83, 1, 1, '2021-11-15 13:07:47'),
(255, 137, '', 83, 1, 1, '2021-11-15 13:07:47'),
(256, 139, '', 84, 1, 1, '2021-11-15 13:26:11'),
(257, 140, '', 85, 1, 1, '2021-11-15 13:26:22'),
(258, 141, '', 86, 1, 1, '2021-11-15 13:26:31'),
(259, 142, '', 87, 1, 1, '2021-11-15 13:36:55'),
(260, 143, '', 88, 1, 1, '2021-11-15 13:38:51'),
(261, 27, '', 89, 1, 1, '2021-11-15 13:41:36'),
(262, 60, '', 90, 1, 1, '2021-11-15 13:47:29'),
(263, 144, '', 90, 1, 1, '2021-11-15 13:47:29'),
(264, 148, '', 91, 1, 1, '2021-11-15 14:08:14'),
(265, 149, '', 91, 1, 1, '2021-11-15 14:08:14'),
(266, 145, '', 91, 1, 1, '2021-11-15 14:08:14'),
(267, 150, '', 91, 1, 1, '2021-11-15 14:08:14'),
(268, 146, '', 92, 1, 1, '2021-11-15 14:19:24'),
(269, 147, '', 92, 1, 1, '2021-11-15 14:19:24'),
(270, 151, '', 93, 1, 1, '2021-11-15 14:19:35'),
(271, 152, '', 93, 1, 1, '2021-11-15 14:19:35'),
(272, 96, '', 94, 1, 1, '2021-11-15 14:19:51'),
(273, 154, '', 95, 1, 1, '2021-11-15 14:28:08'),
(274, 153, '', 95, 1, 1, '2021-11-15 14:28:08'),
(275, 155, '', 96, 1, 1, '2021-11-15 14:30:35'),
(276, 47, '', 97, 1, 1, '2021-11-15 14:36:06'),
(277, 46, '', 98, 1, 1, '2021-11-15 14:39:08'),
(278, 88, '', 99, 1, 1, '2021-11-15 14:39:20'),
(279, 42, '', 100, 1, 1, '2021-11-15 14:39:44'),
(280, 85, '', 101, 1, 1, '2021-11-15 14:40:06'),
(281, 68, '', 102, 1, 1, '2021-11-15 14:53:34'),
(282, 66, '', 103, 1, 1, '2021-11-15 14:53:43'),
(283, 71, '', 104, 1, 1, '2021-11-15 14:53:57'),
(284, 156, '', 105, 1, 1, '2021-11-15 14:54:10'),
(285, 157, '', 105, 1, 1, '2021-11-15 14:54:10'),
(286, 85, '', 105, 1, 1, '2021-11-15 14:54:10'),
(287, 59, '', 106, 1, 1, '2021-11-15 14:54:22'),
(288, 31, '', 107, 1, 1, '2021-11-15 14:59:10'),
(289, 38, '', 108, 1, 1, '2021-11-15 14:59:20'),
(290, 106, '', 109, 1, 1, '2021-11-15 14:59:40'),
(291, 70, '', 110, 1, 1, '2021-11-15 15:00:15'),
(292, 58, '', 111, 1, 1, '2021-11-15 15:05:12'),
(293, 1, 'xxx', 112, 1, 1, '2021-11-15 15:05:21'),
(294, 2, 'xxx', 113, 1, 1, '2021-11-15 15:18:05'),
(295, 2, 'xxx', 113, 1, 1, '2021-11-15 15:18:05'),
(296, 14, 'xxx', 114, 1, 1, '2021-11-15 15:18:13'),
(297, 14, 'xxx', 114, 1, 1, '2021-11-15 15:18:13'),
(298, 26, '', 115, 1, 1, '2021-11-15 15:18:21'),
(299, 158, '', 116, 1, 1, '2021-11-15 15:18:29'),
(300, 159, '', 117, 1, 1, '2021-11-15 15:43:42'),
(301, 19, 'xxx', 118, 1, 1, '2021-11-15 15:43:52'),
(302, 16, 'xxx', 119, 1, 1, '2021-11-15 15:46:38'),
(303, 16, 'xxx', 119, 1, 1, '2021-11-15 15:46:38'),
(304, 16, 'xxx', 119, 1, 1, '2021-11-15 15:46:38'),
(305, 16, 'xxx', 119, 1, 1, '2021-11-15 15:46:38'),
(306, 18, '', 120, 1, 1, '2021-11-15 15:46:47'),
(307, 160, '', 121, 1, 1, '2021-11-15 15:46:56'),
(308, 29, '', 122, 1, 1, '2021-11-15 15:47:04'),
(309, 161, '', 123, 1, 1, '2021-11-15 15:47:19'),
(310, 67, '', 124, 1, 1, '2021-11-15 15:47:34'),
(311, 162, '', 124, 1, 1, '2021-11-15 15:47:34'),
(312, 117, '', 125, 1, 1, '2021-11-15 15:54:11'),
(313, 116, '', 125, 1, 1, '2021-11-15 15:54:11'),
(314, 35, '', 125, 1, 1, '2021-11-15 15:54:11'),
(315, 114, '', 125, 1, 1, '2021-11-15 15:54:11'),
(316, 113, '', 125, 1, 1, '2021-11-15 15:54:11'),
(317, 112, '', 125, 1, 1, '2021-11-15 15:54:11'),
(318, 48, '', 126, 1, 1, '2021-11-15 15:54:21'),
(319, 1, '', 127, 1, 1, '2021-11-15 16:12:24'),
(320, 163, '', 128, 1, 1, '2021-11-15 16:28:48'),
(321, 96, '', 129, 1, 1, '2021-11-15 16:28:57'),
(322, 71, '', 130, 1, 1, '2021-11-15 16:29:05'),
(323, 66, '', 130, 1, 1, '2021-11-15 16:29:05'),
(324, 88, '', 131, 1, 1, '2021-11-15 16:29:13'),
(325, 75, '', 132, 1, 1, '2021-11-15 16:29:21'),
(326, 84, '', 133, 1, 1, '2021-11-15 16:29:29'),
(327, 52, '', 134, 1, 1, '2021-11-15 16:29:38'),
(328, 124, '', 134, 1, 1, '2021-11-15 16:29:38'),
(329, 76, 'xxx', 135, 1, 1, '2021-11-15 16:29:48'),
(330, 76, 'xxx', 135, 1, 1, '2021-11-15 16:29:48'),
(331, 49, '', 136, 1, 1, '2021-11-15 16:29:55'),
(332, 51, '', 137, 1, 1, '2021-11-15 16:45:39'),
(333, 164, '', 138, 1, 1, '2021-11-15 16:45:48'),
(334, 43, '', 139, 1, 1, '2021-11-15 16:46:02'),
(335, 54, '', 140, 1, 1, '2021-11-15 16:46:15'),
(336, 165, '', 141, 1, 1, '2021-11-15 16:53:42'),
(337, 166, '', 142, 1, 1, '2021-11-15 17:01:17'),
(338, 17, '', 143, 1, 1, '2021-11-16 09:20:45'),
(339, 167, '', 144, 1, 1, '2021-11-16 09:41:53'),
(340, 55, '', 144, 1, 1, '2021-11-16 09:41:53'),
(341, 50, '', 145, 1, 1, '2021-11-16 09:42:03'),
(342, 80, 'xxx', 146, 1, 1, '2021-11-16 09:42:13'),
(343, 81, 'xxx', 147, 1, 1, '2021-11-16 09:42:23'),
(344, 81, 'xxx', 147, 1, 1, '2021-11-16 09:42:23'),
(345, 81, 'xxx', 147, 1, 1, '2021-11-16 09:42:23'),
(346, 82, 'xxx', 148, 1, 1, '2021-11-16 09:42:31'),
(347, 82, 'xxx', 148, 1, 1, '2021-11-16 09:42:31'),
(348, 82, 'xxx', 148, 1, 1, '2021-11-16 09:42:31'),
(349, 81, 'xxx', 148, 1, 1, '2021-11-16 09:42:31'),
(350, 83, 'xxx', 149, 1, 1, '2021-11-16 09:42:40'),
(351, 83, 'xxx', 149, 1, 1, '2021-11-16 09:42:40'),
(352, 111, 'xxx', 150, 1, 1, '2021-11-16 09:42:48'),
(353, 77, 'xxx', 151, 1, 1, '2021-11-16 09:42:56'),
(354, 78, 'xxx', 151, 1, 1, '2021-11-16 09:42:56'),
(355, 69, '', 152, 1, 1, '2021-11-16 09:55:24'),
(356, 110, 'xxx', 153, 1, 1, '2021-11-16 09:55:39'),
(357, 110, 'xxx', 153, 1, 1, '2021-11-16 09:55:39'),
(358, 110, 'xxx', 153, 1, 1, '2021-11-16 09:55:39'),
(359, 110, 'xxx', 153, 1, 1, '2021-11-16 09:55:39'),
(360, 110, 'xxx', 153, 1, 1, '2021-11-16 09:55:39'),
(361, 39, '', 154, 1, 1, '2021-11-16 09:55:48'),
(362, 40, '', 155, 1, 1, '2021-11-16 09:55:57'),
(363, 168, '', 156, 1, 1, '2021-11-16 11:02:47'),
(364, 169, '', 157, 1, 1, '2021-11-16 11:02:56'),
(365, 169, '', 157, 1, 1, '2021-11-16 11:02:56'),
(366, 170, '', 158, 1, 1, '2021-11-16 11:03:05'),
(367, 171, '', 159, 1, 1, '2021-11-16 11:03:15'),
(368, 172, '', 160, 1, 1, '2021-11-16 11:03:26'),
(369, 84, '', 161, 1, 1, '2021-11-16 11:03:33'),
(370, 123, '', 162, 1, 1, '2021-11-16 11:03:42'),
(371, 118, '', 163, 1, 1, '2021-11-16 11:03:52'),
(372, 119, '', 163, 1, 1, '2021-11-16 11:03:52'),
(373, 174, '', 164, 1, 1, '2021-11-16 11:33:08'),
(374, 176, '', 164, 1, 1, '2021-11-16 11:33:08'),
(375, 173, '', 164, 1, 1, '2021-11-16 11:33:08'),
(376, 178, '', 164, 1, 1, '2021-11-16 11:33:08'),
(377, 179, '', 165, 1, 1, '2021-11-16 11:33:17'),
(378, 181, '', 166, 1, 1, '2021-11-16 11:33:29'),
(379, 182, '', 166, 1, 1, '2021-11-16 11:33:29'),
(380, 183, '', 166, 1, 1, '2021-11-16 11:33:29'),
(381, 185, '', 166, 1, 1, '2021-11-16 11:33:29'),
(382, 184, '', 166, 1, 1, '2021-11-16 11:33:29'),
(383, 84, '', 167, 1, 1, '2021-11-16 11:33:38'),
(384, 187, '', 168, 1, 1, '2021-11-16 11:33:46'),
(385, 189, '', 168, 1, 1, '2021-11-16 11:33:46'),
(386, 190, '', 169, 1, 1, '2021-11-16 12:19:34'),
(387, 98, '', 170, 1, 1, '2021-11-16 12:21:58'),
(388, 114, '', 171, 1, 2, '2021-11-16 12:29:12'),
(389, 191, '', 172, 1, 1, '2021-11-16 12:29:52'),
(390, 73, '', 173, 1, 1, '2021-11-16 12:57:48'),
(391, 192, '', 175, 1, 1, '2021-11-16 13:00:11'),
(392, 193, '', 176, 1, 1, '2021-11-16 13:00:21'),
(393, 113, '', 177, 1, 1, '2021-11-16 13:00:29'),
(394, 194, '', 178, 1, 1, '2021-11-16 13:00:37'),
(395, 196, '', 179, 1, 1, '2021-11-16 13:00:45'),
(396, 197, '', 179, 1, 1, '2021-11-16 13:00:45'),
(397, 199, '', 180, 1, 1, '2021-11-16 13:00:58'),
(398, 198, '', 180, 1, 1, '2021-11-16 13:00:58'),
(399, 201, '', 181, 1, 1, '2021-11-16 13:28:04'),
(400, 202, '', 182, 1, 1, '2021-11-16 13:28:14'),
(401, 203, '', 182, 1, 1, '2021-11-16 13:28:14'),
(402, 206, '', 183, 1, 1, '2021-11-16 13:28:22'),
(403, 205, '', 184, 1, 1, '2021-11-16 13:28:31'),
(404, 204, '', 184, 1, 1, '2021-11-16 13:28:31'),
(405, 209, '', 185, 1, 1, '2021-11-16 13:28:40'),
(406, 208, '', 185, 1, 1, '2021-11-16 13:28:40'),
(407, 207, '', 185, 1, 1, '2021-11-16 13:28:40'),
(408, 210, '', 186, 1, 1, '2021-11-16 13:28:48'),
(409, 211, '', 187, 1, 1, '2021-11-16 13:33:34'),
(410, 214, '', 187, 1, 1, '2021-11-16 13:33:34'),
(411, 212, '', 187, 1, 1, '2021-11-16 13:33:34'),
(412, 213, '', 187, 1, 1, '2021-11-16 13:33:34'),
(413, 215, '', 188, 1, 1, '2021-11-16 13:33:43'),
(414, 114, '', 189, 1, 2, '2021-11-16 18:12:02'),
(415, 113, '', 190, 1, 1, '2021-11-16 18:12:52'),
(416, 116, '', 191, 1, 1, '2021-11-17 10:00:30'),
(417, 216, '', 192, 1, 1, '2021-11-17 10:00:41'),
(418, 216, '', 193, 1, 1, '2021-11-18 11:44:44'),
(419, 109, '', 193, 1, 1, '2021-11-18 11:44:44'),
(420, 195, '', 194, 1, 1, '2021-11-19 17:50:08'),
(421, 217, '', 195, 1, 1, '2021-11-19 17:50:16'),
(422, 218, '', 196, 1, 1, '2021-11-19 17:50:25'),
(423, 152, '', 197, 1, 1, '2021-11-19 18:04:21'),
(424, 219, '', 198, 1, 1, '2021-11-19 18:04:28'),
(425, 222, '', 199, 1, 1, '2021-11-19 18:04:39'),
(426, 220, '', 200, 1, 1, '2021-11-19 18:04:54'),
(427, 221, '', 201, 1, 1, '2021-11-19 18:05:01'),
(428, 151, '', 202, 1, 1, '2021-11-19 18:08:52'),
(429, 146, '', 202, 1, 1, '2021-11-19 18:08:52'),
(430, 224, '', 203, 1, 1, '2021-11-22 16:18:15'),
(431, 225, '', 203, 1, 1, '2021-11-22 16:18:15'),
(432, 223, '', 203, 1, 1, '2021-11-22 16:18:15'),
(433, 200, '', 204, 1, 1, '2021-11-22 16:42:14'),
(434, 136, 'xxx', 205, 1, 1, '2021-11-23 15:27:46'),
(435, 24, 'xxx', 205, 1, 1, '2021-11-23 15:27:46'),
(436, 24, 'xxx', 205, 1, 1, '2021-11-23 15:27:46'),
(437, 24, 'xxx', 205, 1, 1, '2021-11-23 15:27:46'),
(438, 24, 'xxx', 205, 1, 1, '2021-11-23 15:27:46'),
(439, 24, 'xxx', 205, 1, 1, '2021-11-23 15:27:46'),
(440, 24, 'xxx', 205, 1, 1, '2021-11-23 15:27:46'),
(441, 24, 'xxx', 205, 1, 1, '2021-11-23 15:27:46'),
(442, 24, 'xxx', 205, 1, 1, '2021-11-23 15:27:46'),
(443, 24, 'xxx', 205, 1, 1, '2021-11-23 15:27:46'),
(444, 139, '', 205, 1, 1, '2021-11-23 15:27:46'),
(445, 56, '', 205, 1, 1, '2021-11-23 15:27:46'),
(446, 85, 'xxx', 205, 1, 1, '2021-11-23 15:27:46'),
(447, 85, 'xxx', 205, 1, 1, '2021-11-23 15:27:46'),
(448, 85, 'xxx', 205, 1, 1, '2021-11-23 15:27:46'),
(449, 85, 'xxx', 205, 1, 1, '2021-11-23 15:27:46'),
(450, 85, 'xxx', 205, 1, 1, '2021-11-23 15:27:46'),
(451, 85, 'xxx', 205, 1, 1, '2021-11-23 15:27:46'),
(452, 156, 'xxx', 205, 1, 1, '2021-11-23 15:27:46'),
(453, 157, 'xxx', 205, 1, 1, '2021-11-23 15:27:46'),
(454, 102, 'xxx', 206, 1, 1, '2021-11-24 07:49:56'),
(455, 103, 'xxx', 206, 1, 1, '2021-11-24 07:49:56'),
(456, 167, 'xxx', 206, 1, 1, '2021-11-24 07:49:56'),
(457, 167, 'xxx', 206, 1, 1, '2021-11-24 07:49:56'),
(458, 104, 'xxx', 206, 1, 1, '2021-11-24 07:49:56'),
(459, 104, 'xxx', 206, 1, 1, '2021-11-24 07:49:56'),
(460, 104, 'xxx', 206, 1, 1, '2021-11-24 07:49:56'),
(461, 104, 'xxx', 206, 1, 1, '2021-11-24 07:49:56'),
(462, 104, 'xxx', 206, 1, 1, '2021-11-24 07:49:56'),
(463, 104, 'xxx', 206, 1, 1, '2021-11-24 07:49:56'),
(464, 104, 'xxx', 206, 1, 1, '2021-11-24 07:49:56'),
(465, 104, 'xxx', 206, 1, 1, '2021-11-24 07:49:56'),
(466, 59, 'xxx', 206, 1, 1, '2021-11-24 07:49:56'),
(467, 194, 'xxx', 206, 1, 1, '2021-11-24 07:49:56'),
(468, 101, 'xxx', 206, 1, 1, '2021-11-24 07:49:56'),
(469, 226, '', 207, 1, 1, '2021-11-24 07:51:12'),
(470, 140, 'xxx', 208, 1, 1, '2021-11-25 11:05:55'),
(471, 140, 'xxx', 208, 1, 1, '2021-11-25 11:05:55'),
(472, 140, 'xxx', 208, 1, 1, '2021-11-25 11:05:55'),
(473, 140, 'xxx', 208, 1, 1, '2021-11-25 11:05:55'),
(474, 140, 'xxx', 208, 1, 1, '2021-11-25 11:05:55'),
(475, 151, '', 209, 1, 1, '2021-11-26 12:07:28'),
(476, 227, 'P032M16KBG', 210, 1, 1, '2021-11-29 15:37:11'),
(477, 227, 'P032M14JKW', 210, 1, 1, '2021-11-29 15:37:11'),
(478, 227, 'P032M14JKW', 210, 1, 1, '2021-11-29 15:37:11'),
(479, 51, '', 211, 1, 1, '2021-11-29 16:01:28'),
(480, 45, '20146UN25042990', 212, 1, 1, '2021-12-03 08:13:42'),
(481, 45, '20146UN25042927', 212, 1, 1, '2021-12-03 08:13:42'),
(482, 45, '20146UN25042996', 212, 1, 1, '2021-12-03 08:13:42'),
(483, 25, 'xxx', 213, 1, 1, '2021-12-06 19:33:20'),
(484, 25, 'xx', 213, 1, 1, '2021-12-06 19:33:20'),
(485, 25, 'xx', 213, 1, 1, '2021-12-06 19:33:20'),
(486, 25, 'xx', 213, 1, 1, '2021-12-06 19:33:20'),
(487, 130, '', 214, 1, 1, '2021-12-06 19:33:28'),
(488, 76, '', 215, 1, 2, '2021-12-08 09:02:39'),
(489, 45, '', 217, 1, 2, '2021-12-08 12:04:22'),
(490, 45, '20146UN25042990', 219, 1, 1, '2021-12-08 12:10:23'),
(491, 29, '', 220, 1, 2, '2021-12-08 13:41:44'),
(492, 114, 'S2087A00107B', 222, 1, 1, '2021-12-08 15:06:46'),
(493, 114, '', 223, 1, 2, '2021-12-08 15:07:38'),
(494, 2, '', 224, 1, 2, '2021-12-08 15:11:40'),
(495, 38, '', 226, 1, 2, '2021-12-08 15:16:49'),
(496, 154, '', 227, 1, 1, '2021-12-08 15:25:31'),
(497, 41, '', 228, 1, 2, '2021-12-08 16:59:17'),
(498, 66, '', 229, 1, 2, '2021-12-08 17:15:29'),
(499, 160, '', 231, 1, 2, '2021-12-08 17:27:49'),
(500, 29, '', 231, 1, 2, '2021-12-08 17:27:49'),
(501, 2, '', 233, 1, 2, '2021-12-08 17:33:20'),
(502, 1, '', 233, 1, 2, '2021-12-08 17:33:20'),
(503, 136, '', 233, 1, 2, '2021-12-08 17:33:20'),
(504, 38, '', 236, 1, 2, '2021-12-08 17:42:58'),
(505, 110, '', 238, 1, 2, '2021-12-09 07:27:52'),
(506, 17, '', 238, 1, 2, '2021-12-09 07:27:52'),
(507, 19, '', 238, 1, 2, '2021-12-09 07:27:52'),
(508, 126, '', 238, 1, 2, '2021-12-09 07:27:52'),
(509, 26, '', 238, 1, 2, '2021-12-09 07:27:52'),
(510, 160, '', 239, 1, 2, '2021-12-09 08:23:04'),
(511, 14, '', 240, 1, 2, '2021-12-09 10:09:49'),
(512, 49, '', 242, 1, 1, '2021-12-09 12:21:09'),
(513, 160, '1', 242, 1, 1, '2021-12-09 12:21:09'),
(514, 14, 'S20FMA00163B', 243, 1, 1, '2021-12-09 12:27:26'),
(515, 228, '', 244, 1, 1, '2021-12-09 12:42:38'),
(516, 154, '', 245, 1, 2, '2021-12-10 09:51:28'),
(517, 114, 'S2087A00107B', 247, 1, 1, '2021-12-10 10:26:24'),
(518, 29, '', 248, 1, 2, '2021-12-10 11:51:12'),
(519, 2, '', 250, 1, 2, '2021-12-10 12:00:31'),
(520, 1, '', 250, 1, 2, '2021-12-10 12:00:31'),
(521, 38, '', 253, 1, 2, '2021-12-11 19:32:43'),
(522, 218, '', 254, 1, 2, '2021-12-11 19:50:56'),
(523, 92, '', 255, 1, 2, '2021-12-11 20:01:33'),
(524, 218, '', 256, 1, 1, '2021-12-12 20:23:19'),
(525, 218, '', 257, 1, 1, '2021-12-12 20:25:06'),
(526, 42, 'test1', 257, 1, 1, '2021-12-12 20:25:06'),
(527, 42, 'test2', 257, 1, 1, '2021-12-12 20:25:06'),
(528, 218, '', 258, 1, 2, '2021-12-20 21:03:13'),
(529, 110, '', 259, 1, 2, '2021-12-22 19:53:59'),
(530, 218, '', 260, 1, 2, '2021-12-22 21:08:05'),
(531, 218, '', 261, 1, 3, '2021-12-22 21:13:48');

-- --------------------------------------------------------

--
-- Struktura tabeli dla tabeli `product_status`
--

DROP TABLE IF EXISTS `product_status`;
CREATE TABLE `product_status` (
  `id` int(11) NOT NULL,
  `name` varchar(255) COLLATE latin2_bin NOT NULL
) ENGINE=InnoDB DEFAULT CHARSET=latin2 COLLATE=latin2_bin;

--
-- Zrzut danych tabeli `product_status`
--

INSERT INTO `product_status` (`id`, `name`) VALUES
(1, 'Zatwierdzono na magazyn'),
(2, 'Wydano z magazynu'),
(3, 'Zwrócono na magazyn'),
(4, 'W serwisie Mennicy'),
(5, 'Przekazano serwisantowi');

-- --------------------------------------------------------

--
-- Struktura tabeli dla tabeli `repair_devices`
--

DROP TABLE IF EXISTS `repair_devices`;
CREATE TABLE `repair_devices` (
  `id` int(11) NOT NULL,
  `start_repair_datetime` datetime NOT NULL,
  `end_repair_datetime` datetime DEFAULT NULL,
  `repair_user_id` int(2) NOT NULL,
  `damaged_devices_id` int(11) NOT NULL,
  `service_request_id` int(11) NOT NULL,
  `real_time_repair` varchar(3) COLLATE latin2_bin NOT NULL,
  `repair_description` text COLLATE latin2_bin NOT NULL,
  `repair_status_id` int(1) NOT NULL DEFAULT 1
) ENGINE=InnoDB DEFAULT CHARSET=latin2 COLLATE=latin2_bin;

-- --------------------------------------------------------

--
-- Struktura tabeli dla tabeli `repair_devices_definitions_outofstorage`
--

DROP TABLE IF EXISTS `repair_devices_definitions_outofstorage`;
CREATE TABLE `repair_devices_definitions_outofstorage` (
  `id` int(11) NOT NULL,
  `type` varchar(255) COLLATE utf8_bin NOT NULL,
  `name` varchar(255) COLLATE utf8_bin NOT NULL
) ENGINE=InnoDB DEFAULT CHARSET=utf8 COLLATE=utf8_bin;

-- --------------------------------------------------------

--
-- Struktura tabeli dla tabeli `repair_devices_id`
--

DROP TABLE IF EXISTS `repair_devices_id`;
CREATE TABLE `repair_devices_id` (
  `id` int(2) NOT NULL,
  `product_id` int(3) NOT NULL
) ENGINE=InnoDB DEFAULT CHARSET=latin2 COLLATE=latin2_bin;

-- --------------------------------------------------------

--
-- Struktura tabeli dla tabeli `repair_devices_outofstorage`
--

DROP TABLE IF EXISTS `repair_devices_outofstorage`;
CREATE TABLE `repair_devices_outofstorage` (
  `id` int(11) NOT NULL,
  `repair_devices_definitions_outofstorage_id` int(11) NOT NULL,
  `nr_tabor` varchar(20) COLLATE latin2_bin NOT NULL,
  `sn` varchar(255) COLLATE latin2_bin NOT NULL,
  `start_repair_datetime` datetime NOT NULL,
  `end_repair_datetime` datetime DEFAULT NULL,
  `repair_user_id` int(2) NOT NULL,
  `real_time_repair` varchar(3) COLLATE latin2_bin NOT NULL,
  `repair_description` text COLLATE latin2_bin NOT NULL,
  `serwis_zew` varchar(255) COLLATE latin2_bin NOT NULL DEFAULT 'Nie',
  `city` varchar(255) COLLATE latin2_bin NOT NULL,
  `opis_awarii` text COLLATE latin2_bin NOT NULL,
  `diagnoza` varchar(255) COLLATE latin2_bin NOT NULL,
  `typ_naprawy` varchar(255) COLLATE latin2_bin NOT NULL,
  `repair_status_id` int(1) NOT NULL DEFAULT 1
) ENGINE=InnoDB DEFAULT CHARSET=latin2 COLLATE=latin2_bin;

-- --------------------------------------------------------

--
-- Struktura tabeli dla tabeli `repair_devices_outofstorage_history`
--

DROP TABLE IF EXISTS `repair_devices_outofstorage_history`;
CREATE TABLE `repair_devices_outofstorage_history` (
  `id` int(11) NOT NULL,
  `repair_devices_outofstorage_id` int(11) NOT NULL,
  `description` text CHARACTER SET utf8 COLLATE utf8_bin NOT NULL,
  `repair_status_id` int(2) NOT NULL DEFAULT 3,
  `repair_user_id` int(11) NOT NULL,
  `date` datetime NOT NULL
) ENGINE=InnoDB DEFAULT CHARSET=utf8;

-- --------------------------------------------------------

--
-- Struktura tabeli dla tabeli `repair_status`
--

DROP TABLE IF EXISTS `repair_status`;
CREATE TABLE `repair_status` (
  `id` int(1) NOT NULL,
  `description` varchar(255) COLLATE latin2_bin NOT NULL
) ENGINE=InnoDB DEFAULT CHARSET=latin2 COLLATE=latin2_bin;

--
-- Zrzut danych tabeli `repair_status`
--

INSERT INTO `repair_status` (`id`, `description`) VALUES
(1, 'Realizowana'),
(2, 'Zakończona'),
(3, 'Utworzono naprawę'),
(4, 'Serwis zewnętrzny'),
(5, 'Przekazano do MPSA');

-- --------------------------------------------------------

--
-- Struktura tabeli dla tabeli `service_request`
--

DROP TABLE IF EXISTS `service_request`;
CREATE TABLE `service_request` (
  `id` int(11) NOT NULL,
  `arrival_id` int(11) DEFAULT NULL,
  `product_id` int(11) NOT NULL,
  `sn` varchar(255) COLLATE latin2_bin NOT NULL,
  `quantity` int(11) NOT NULL,
  `storage_id` int(11) NOT NULL,
  `release_user_id` int(11) NOT NULL,
  `service_status_id` int(11) NOT NULL DEFAULT 1,
  `bus_number` varchar(255) COLLATE latin2_bin NOT NULL,
  `automat_number` varchar(255) COLLATE latin2_bin DEFAULT NULL,
  `change_status_datetime` datetime NOT NULL
) ENGINE=InnoDB DEFAULT CHARSET=latin2 COLLATE=latin2_bin;

--
-- Zrzut danych tabeli `service_request`
--

INSERT INTO `service_request` (`id`, `arrival_id`, `product_id`, `sn`, `quantity`, `storage_id`, `release_user_id`, `service_status_id`, `bus_number`, `automat_number`, `change_status_datetime`) VALUES
(1, 58, 106, '', 1, 1, 6, 1, '', NULL, '2021-11-05 13:34:00'),
(2, NULL, 106, '', -1, 1, 6, 2, '', 'Z10', '2021-11-05 13:35:01'),
(3, 60, 49, '', 1, 1, 6, 1, '', NULL, '2021-11-05 14:29:21'),
(4, NULL, 49, '', -1, 1, 6, 2, '', 'T002', '2021-11-05 14:29:59'),
(5, 171, 114, '', 0, 1, 6, 1, '', NULL, '2021-11-16 12:29:12'),
(6, 189, 114, '', 0, 1, 6, 1, '', NULL, '2021-11-16 18:12:02'),
(7, 215, 76, '', 2, 1, 6, 1, '', NULL, '2021-12-08 09:02:39'),
(8, NULL, 76, '', -1, 1, 6, 2, '', 'M107', '2021-12-08 09:03:29'),
(9, NULL, 76, '', -1, 1, 6, 2, '', 'M217', '2021-12-08 09:03:58'),
(10, 217, 45, '', 2, 1, 6, 1, '', NULL, '2021-12-08 12:04:22'),
(11, NULL, 45, '', -1, 1, 6, 2, '', 'W101', '2021-12-08 12:05:20'),
(12, 220, 29, '', 1, 1, 6, 1, '', NULL, '2021-12-08 13:41:44'),
(13, NULL, 29, '', -1, 1, 6, 2, '', 'T012', '2021-12-08 13:43:20'),
(14, 223, 114, '', 1, 1, 6, 1, '', NULL, '2021-12-08 15:07:38'),
(15, NULL, 114, '', -1, 1, 6, 2, '', 'T068', '2021-12-08 15:08:25'),
(16, 224, 2, '', 1, 1, 6, 1, '', NULL, '2021-12-08 15:11:40'),
(17, NULL, 2, '', -1, 1, 6, 2, '', 'M128', '2021-12-08 15:12:19'),
(18, 226, 38, '', 1, 1, 6, 1, '', NULL, '2021-12-08 15:16:49'),
(19, NULL, 38, '', -1, 1, 6, 2, '', 'T039', '2021-12-08 15:17:18'),
(20, 228, 41, '', 3, 1, 7, 1, '', NULL, '2021-12-08 16:59:17'),
(21, NULL, 41, '', -1, 1, 7, 2, '', 'M012', '2021-12-08 16:59:47'),
(22, NULL, 41, '', -1, 1, 7, 2, '', 'M013', '2021-12-08 17:00:03'),
(23, NULL, 41, '', -1, 1, 7, 2, '', 'M014', '2021-12-08 17:00:18'),
(24, 229, 66, '', 9, 1, 7, 1, '', NULL, '2021-12-08 17:15:29'),
(25, NULL, 66, '', -1, 1, 7, 2, '', 'M001', '2021-12-08 17:15:53'),
(26, NULL, 66, '', -1, 1, 7, 2, '', 'M002', '2021-12-08 17:16:09'),
(27, NULL, 66, '', -1, 1, 7, 2, '', 'M003', '2021-12-08 17:16:27'),
(28, NULL, 66, '', -1, 1, 7, 2, '', 'M004', '2021-12-08 17:16:41'),
(29, NULL, 66, '', -1, 1, 7, 2, '', 'M005', '2021-12-08 17:16:54'),
(30, NULL, 66, '', -1, 1, 7, 2, '', 'M006', '2021-12-08 17:17:08'),
(31, NULL, 66, '', -1, 1, 7, 2, '', 'M007', '2021-12-08 17:17:27'),
(32, NULL, 66, '', -1, 1, 7, 2, '', 'M008', '2021-12-08 17:17:41'),
(33, NULL, 66, '', -1, 1, 7, 2, '', 'M009', '2021-12-08 17:17:56'),
(34, 231, 160, '', 1, 1, 7, 1, '', NULL, '2021-12-08 17:27:49'),
(35, 231, 29, '', 2, 1, 7, 1, '', NULL, '2021-12-08 17:27:49'),
(36, NULL, 29, '', -1, 1, 7, 2, '', 'T001', '2021-12-08 17:28:08'),
(37, NULL, 29, '', -1, 1, 7, 2, '', 'T002', '2021-12-08 17:28:21'),
(38, NULL, 160, '', -1, 1, 7, 2, '', 'T003', '2021-12-08 17:28:35'),
(39, 233, 2, '', 3, 1, 7, 1, '', NULL, '2021-12-08 17:33:20'),
(40, 233, 1, '', 1, 1, 7, 1, '', NULL, '2021-12-08 17:33:20'),
(41, 233, 136, '', 1, 1, 7, 1, '', NULL, '2021-12-08 17:33:20'),
(42, NULL, 136, '', -1, 1, 7, 2, '', 'M001', '2021-12-08 17:33:48'),
(43, NULL, 1, '', -1, 1, 7, 2, '', 'Z001', '2021-12-08 17:34:03'),
(44, NULL, 2, '', -1, 1, 7, 2, '', 'M001', '2021-12-08 17:34:50'),
(45, NULL, 2, '', -1, 1, 7, 2, '', 'M002', '2021-12-08 17:35:03'),
(46, NULL, 2, '', -1, 1, 7, 2, '', 'M003', '2021-12-08 17:39:06'),
(47, 236, 38, '', 1, 1, 7, 1, '', NULL, '2021-12-08 17:42:58'),
(48, NULL, 38, '', -1, 1, 7, 2, '', 'T001', '2021-12-08 17:43:17'),
(49, 238, 110, '', 1, 1, 7, 1, '', NULL, '2021-12-09 07:27:52'),
(50, 238, 17, '', 1, 1, 7, 1, '', NULL, '2021-12-09 07:27:52'),
(51, 238, 19, '', 1, 1, 7, 1, '', NULL, '2021-12-09 07:27:52'),
(52, 238, 126, '', 1, 1, 7, 1, '', NULL, '2021-12-09 07:27:52'),
(53, 238, 26, '', 1, 1, 7, 1, '', NULL, '2021-12-09 07:27:52'),
(54, NULL, 19, '', -1, 1, 7, 2, '', 'Wypożyczenie', '2021-12-09 07:28:35'),
(55, NULL, 17, '', -1, 1, 7, 2, '', 'Wypożyczenie', '2021-12-09 07:28:50'),
(56, NULL, 110, '', -1, 1, 7, 2, '', 'Wypożyczenie', '2021-12-09 07:29:09'),
(57, NULL, 26, '', -1, 1, 7, 2, '', 'Wypożyczenie', '2021-12-09 07:29:23'),
(58, NULL, 126, '', -1, 1, 7, 2, '', 'Wypożyczenie', '2021-12-09 07:29:39'),
(59, 239, 160, '', 1, 1, 7, 1, '', NULL, '2021-12-09 08:23:04'),
(60, NULL, 160, '', -1, 1, 7, 2, '', 'do usuniecia', '2021-12-09 08:23:41'),
(61, 240, 14, '', 1, 1, 6, 1, '', NULL, '2021-12-09 10:09:49'),
(62, NULL, 14, 'S20FMA00163B', -1, 1, 6, 2, '', 'T072', '2021-12-09 10:12:54'),
(63, 245, 154, '', 1, 1, 6, 1, '', NULL, '2021-12-10 09:51:28'),
(64, NULL, 154, '', -1, 1, 6, 2, '', 'M148', '2021-12-10 09:52:08'),
(65, 248, 29, '', 1, 1, 6, 1, '', NULL, '2021-12-10 11:51:12'),
(66, NULL, 29, 'S02P2A00337C', -1, 1, 6, 2, '', 'T012', '2021-12-10 11:52:00'),
(67, 250, 2, '', 1, 1, 6, 1, '', NULL, '2021-12-10 12:00:31'),
(68, 250, 1, '', 1, 1, 6, 1, '', NULL, '2021-12-10 12:00:31'),
(69, NULL, 2, '', -1, 1, 6, 2, '', 'M128', '2021-12-10 12:01:16'),
(70, NULL, 1, '', -1, 1, 6, 2, '', 'Z011', '2021-12-10 12:07:31'),
(71, 253, 38, '', 1, 1, 5, 1, '', NULL, '2021-12-11 19:32:43'),
(72, NULL, 38, '123asd', -1, 1, 5, 2, '', 't01', '2021-12-11 19:33:06'),
(73, 254, 218, '', 1, 1, 5, 1, '', NULL, '2021-12-11 19:50:56'),
(74, NULL, 218, 'nd', -1, 1, 5, 7, '', 't01', '2021-12-11 19:51:15'),
(75, 255, 92, '', 1, 1, 5, 1, '', NULL, '2021-12-11 20:01:33'),
(76, NULL, 92, 'nd', -1, 1, 5, 7, '', 'Testowy01', '2021-12-11 20:03:41'),
(77, 258, 218, '', 1, 1, 5, 1, '', NULL, '2021-12-20 21:03:13'),
(78, NULL, 218, '', -1, 1, 5, 2, '', '123', '2021-12-22 19:07:40'),
(79, 259, 110, '', 3, 1, 5, 1, '', NULL, '2021-12-22 19:53:59'),
(80, NULL, 110, '', -1, 1, 5, 2, '', '123', '2021-12-22 19:54:44'),
(81, NULL, 110, '', -2, 1, 5, 2, '', '234', '2021-12-22 19:55:19'),
(82, 260, 218, '', 1, 1, 5, 1, '', NULL, '2021-12-22 21:08:05'),
(83, NULL, 218, '', -1, 1, 5, 3, '', '', '2021-12-22 21:13:30'),
(84, 261, 218, '', 1, 1, 5, 4, '', NULL, '2021-12-22 21:13:48');

-- --------------------------------------------------------

--
-- Struktura tabeli dla tabeli `service_status`
--

DROP TABLE IF EXISTS `service_status`;
CREATE TABLE `service_status` (
  `id` int(11) NOT NULL,
  `name` varchar(255) COLLATE latin2_bin NOT NULL
) ENGINE=InnoDB DEFAULT CHARSET=latin2 COLLATE=latin2_bin;

--
-- Zrzut danych tabeli `service_status`
--

INSERT INTO `service_status` (`id`, `name`) VALUES
(1, 'Otrzymano z magazynu'),
(2, 'Montaż w automacie'),
(3, 'Do zwrotu'),
(4, 'Zwrócono na magazyn'),
(5, 'Przekazanie serwisantowi'),
(6, 'Utylizacja manualna'),
(7, 'Stały montaż w automacie');

-- --------------------------------------------------------

--
-- Struktura tabeli dla tabeli `storage`
--

DROP TABLE IF EXISTS `storage`;
CREATE TABLE `storage` (
  `id` int(11) NOT NULL,
  `name` varchar(255) COLLATE latin2_bin NOT NULL
) ENGINE=InnoDB DEFAULT CHARSET=latin2 COLLATE=latin2_bin;

--
-- Zrzut danych tabeli `storage`
--

INSERT INTO `storage` (`id`, `name`) VALUES
(1, 'Magazyn WA1');

-- --------------------------------------------------------

--
-- Struktura tabeli dla tabeli `storage_automat_type`
--

DROP TABLE IF EXISTS `storage_automat_type`;
CREATE TABLE `storage_automat_type` (
  `id` int(11) NOT NULL,
  `storage_id` int(2) NOT NULL,
  `automat_type_id` int(2) NOT NULL
) ENGINE=InnoDB DEFAULT CHARSET=latin1;

--
-- Zrzut danych tabeli `storage_automat_type`
--

INSERT INTO `storage_automat_type` (`id`, `storage_id`, `automat_type_id`) VALUES
(1, 1, 1),
(2, 1, 2),
(3, 1, 3),
(4, 1, 4),
(5, 1, 5),
(6, 1, 6),
(7, 1, 7),
(8, 1, 8);

-- --------------------------------------------------------

--
-- Struktura tabeli dla tabeli `users`
--

DROP TABLE IF EXISTS `users`;
CREATE TABLE `users` (
  `id` int(11) NOT NULL,
  `login` varchar(255) COLLATE latin2_bin NOT NULL,
  `password` varchar(255) COLLATE latin2_bin NOT NULL,
  `user_name` varchar(255) COLLATE latin2_bin NOT NULL,
  `email` varchar(255) COLLATE latin2_bin NOT NULL,
  `user_group_id` int(11) NOT NULL,
  `storage_id` int(11) NOT NULL,
  `parent_user_id` int(1) DEFAULT NULL,
  `is_active` enum('0','1') COLLATE latin2_bin NOT NULL DEFAULT '1'
) ENGINE=InnoDB DEFAULT CHARSET=latin2 COLLATE=latin2_bin;

--
-- Zrzut danych tabeli `users`
--

INSERT INTO `users` (`id`, `login`, `password`, `user_name`, `email`, `user_group_id`, `storage_id`, `parent_user_id`, `is_active`) VALUES
(1, 'admin', '21232f297a57a5a743894a0e4a801fc3', 'Konrad Tomaszewski', 'ktomaszewski@vectorsoft.pl', 2, 1, 5, '1'),
(2, 'mwiszniewski', 'f3736337952bce45cd46e686b556d4c1', 'Maciej Wiszniewski', 'mwiszniewski@vectorsoft.pl', 2, 1, 6, '1'),
(3, 'echabinski', '9e38e8d688743e0d07d669a1fcbcd35b', 'Eryk Chabiński', 'echabinski@vectorsoft.pl', 2, 1, 7, '1'),
(4, 'kurbanczyk', '967411c21e38b3f834f3bf9349d50863', 'Krystian Urbańczyk', 'kurbanczyk@vectorsoft.pl', 2, 1, 8, '1'),
(5, 'serwis', 'de1c072cf178e96f3d7994747403ee22', 'Konrad serwis', '', 3, 1, 1, '1'),
(6, 'mwiszniewski_serwis', 'f3736337952bce45cd46e686b556d4c1', 'Maciej Wiszniewski serwis', 'mwiszniewski@vectorsoft.pl', 3, 1, 2, '1'),
(7, 'echabinski_serwis', '9e38e8d688743e0d07d669a1fcbcd35b', 'Eryk Chabiński serwis', 'echabinski@vectorsoft.pl', 3, 1, 3, '1'),
(8, 'kurbanczyk_serwis', '798c66fe7156e6bb9d5b9164e623e403', 'Krystian Urbańczyk serwis', 'kurbanczyk@vectorsoft.pl', 3, 1, 4, '1');

-- --------------------------------------------------------

--
-- Struktura tabeli dla tabeli `users_group`
--

DROP TABLE IF EXISTS `users_group`;
CREATE TABLE `users_group` (
  `id` int(11) NOT NULL,
  `name` varchar(255) COLLATE latin2_bin NOT NULL
) ENGINE=InnoDB DEFAULT CHARSET=latin2 COLLATE=latin2_bin;

--
-- Zrzut danych tabeli `users_group`
--

INSERT INTO `users_group` (`id`, `name`) VALUES
(1, 'mennica'),
(2, 'vectorsoft_magazyn'),
(3, 'serwisant'),
(4, 'manager');

--
-- Indeksy dla zrzutów tabel
--

--
-- Indeksy dla tabeli `arrivals`
--
ALTER TABLE `arrivals`
  ADD PRIMARY KEY (`id`);

--
-- Indeksy dla tabeli `arrival_document_name_cache`
--
ALTER TABLE `arrival_document_name_cache`
  ADD PRIMARY KEY (`id`);

--
-- Indeksy dla tabeli `arrival_items`
--
ALTER TABLE `arrival_items`
  ADD PRIMARY KEY (`id`);

--
-- Indeksy dla tabeli `arrival_products_temp`
--
ALTER TABLE `arrival_products_temp`
  ADD PRIMARY KEY (`id`);

--
-- Indeksy dla tabeli `arrival_types`
--
ALTER TABLE `arrival_types`
  ADD PRIMARY KEY (`id`);

--
-- Indeksy dla tabeli `articles`
--
ALTER TABLE `articles`
  ADD PRIMARY KEY (`id`);

--
-- Indeksy dla tabeli `articles_content`
--
ALTER TABLE `articles_content`
  ADD PRIMARY KEY (`id`);

--
-- Indeksy dla tabeli `automat_type`
--
ALTER TABLE `automat_type`
  ADD PRIMARY KEY (`id`);

--
-- Indeksy dla tabeli `broken_arrival_items`
--
ALTER TABLE `broken_arrival_items`
  ADD PRIMARY KEY (`id`);

--
-- Indeksy dla tabeli `broken_product_details`
--
ALTER TABLE `broken_product_details`
  ADD PRIMARY KEY (`id`);

--
-- Indeksy dla tabeli `categories`
--
ALTER TABLE `categories`
  ADD PRIMARY KEY (`id`);

--
-- Indeksy dla tabeli `damaged_devices`
--
ALTER TABLE `damaged_devices`
  ADD PRIMARY KEY (`id`);

--
-- Indeksy dla tabeli `damaged_devices_status`
--
ALTER TABLE `damaged_devices_status`
  ADD PRIMARY KEY (`id`);

--
-- Indeksy dla tabeli `mennica_services`
--
ALTER TABLE `mennica_services`
  ADD PRIMARY KEY (`id`);

--
-- Indeksy dla tabeli `products`
--
ALTER TABLE `products`
  ADD PRIMARY KEY (`id`);

--
-- Indeksy dla tabeli `product_details`
--
ALTER TABLE `product_details`
  ADD PRIMARY KEY (`id`);

--
-- Indeksy dla tabeli `product_status`
--
ALTER TABLE `product_status`
  ADD PRIMARY KEY (`id`);

--
-- Indeksy dla tabeli `repair_devices`
--
ALTER TABLE `repair_devices`
  ADD PRIMARY KEY (`id`);

--
-- Indeksy dla tabeli `repair_devices_definitions_outofstorage`
--
ALTER TABLE `repair_devices_definitions_outofstorage`
  ADD PRIMARY KEY (`id`);

--
-- Indeksy dla tabeli `repair_devices_id`
--
ALTER TABLE `repair_devices_id`
  ADD PRIMARY KEY (`id`);

--
-- Indeksy dla tabeli `repair_devices_outofstorage`
--
ALTER TABLE `repair_devices_outofstorage`
  ADD PRIMARY KEY (`id`);

--
-- Indeksy dla tabeli `repair_devices_outofstorage_history`
--
ALTER TABLE `repair_devices_outofstorage_history`
  ADD PRIMARY KEY (`id`);

--
-- Indeksy dla tabeli `repair_status`
--
ALTER TABLE `repair_status`
  ADD PRIMARY KEY (`id`);

--
-- Indeksy dla tabeli `service_request`
--
ALTER TABLE `service_request`
  ADD PRIMARY KEY (`id`);

--
-- Indeksy dla tabeli `service_status`
--
ALTER TABLE `service_status`
  ADD PRIMARY KEY (`id`);

--
-- Indeksy dla tabeli `storage`
--
ALTER TABLE `storage`
  ADD PRIMARY KEY (`id`);

--
-- Indeksy dla tabeli `storage_automat_type`
--
ALTER TABLE `storage_automat_type`
  ADD PRIMARY KEY (`id`);

--
-- Indeksy dla tabeli `users`
--
ALTER TABLE `users`
  ADD PRIMARY KEY (`id`);

--
-- Indeksy dla tabeli `users_group`
--
ALTER TABLE `users_group`
  ADD PRIMARY KEY (`id`);

--
-- AUTO_INCREMENT dla zrzuconych tabel
--

--
-- AUTO_INCREMENT dla tabeli `arrivals`
--
ALTER TABLE `arrivals`
  MODIFY `id` int(11) NOT NULL AUTO_INCREMENT, AUTO_INCREMENT=262;

--
-- AUTO_INCREMENT dla tabeli `arrival_document_name_cache`
--
ALTER TABLE `arrival_document_name_cache`
  MODIFY `id` int(11) NOT NULL AUTO_INCREMENT, AUTO_INCREMENT=3;

--
-- AUTO_INCREMENT dla tabeli `arrival_items`
--
ALTER TABLE `arrival_items`
  MODIFY `id` int(11) NOT NULL AUTO_INCREMENT, AUTO_INCREMENT=345;

--
-- AUTO_INCREMENT dla tabeli `arrival_products_temp`
--
ALTER TABLE `arrival_products_temp`
  MODIFY `id` int(11) NOT NULL AUTO_INCREMENT, AUTO_INCREMENT=5;

--
-- AUTO_INCREMENT dla tabeli `arrival_types`
--
ALTER TABLE `arrival_types`
  MODIFY `id` int(1) NOT NULL AUTO_INCREMENT, AUTO_INCREMENT=9;

--
-- AUTO_INCREMENT dla tabeli `articles`
--
ALTER TABLE `articles`
  MODIFY `id` int(11) NOT NULL AUTO_INCREMENT;

--
-- AUTO_INCREMENT dla tabeli `articles_content`
--
ALTER TABLE `articles_content`
  MODIFY `id` int(11) NOT NULL AUTO_INCREMENT;

--
-- AUTO_INCREMENT dla tabeli `automat_type`
--
ALTER TABLE `automat_type`
  MODIFY `id` int(11) NOT NULL AUTO_INCREMENT, AUTO_INCREMENT=9;

--
-- AUTO_INCREMENT dla tabeli `broken_arrival_items`
--
ALTER TABLE `broken_arrival_items`
  MODIFY `id` int(11) NOT NULL AUTO_INCREMENT, AUTO_INCREMENT=3;

--
-- AUTO_INCREMENT dla tabeli `broken_product_details`
--
ALTER TABLE `broken_product_details`
  MODIFY `id` int(11) NOT NULL AUTO_INCREMENT, AUTO_INCREMENT=3;

--
-- AUTO_INCREMENT dla tabeli `categories`
--
ALTER TABLE `categories`
  MODIFY `id` int(11) NOT NULL AUTO_INCREMENT;

--
-- AUTO_INCREMENT dla tabeli `damaged_devices`
--
ALTER TABLE `damaged_devices`
  MODIFY `id` int(11) NOT NULL AUTO_INCREMENT, AUTO_INCREMENT=52;

--
-- AUTO_INCREMENT dla tabeli `damaged_devices_status`
--
ALTER TABLE `damaged_devices_status`
  MODIFY `id` int(11) NOT NULL AUTO_INCREMENT, AUTO_INCREMENT=7;

--
-- AUTO_INCREMENT dla tabeli `mennica_services`
--
ALTER TABLE `mennica_services`
  MODIFY `id` int(11) NOT NULL AUTO_INCREMENT, AUTO_INCREMENT=16;

--
-- AUTO_INCREMENT dla tabeli `products`
--
ALTER TABLE `products`
  MODIFY `id` int(11) NOT NULL AUTO_INCREMENT, AUTO_INCREMENT=230;

--
-- AUTO_INCREMENT dla tabeli `product_details`
--
ALTER TABLE `product_details`
  MODIFY `id` int(11) NOT NULL AUTO_INCREMENT, AUTO_INCREMENT=532;

--
-- AUTO_INCREMENT dla tabeli `product_status`
--
ALTER TABLE `product_status`
  MODIFY `id` int(11) NOT NULL AUTO_INCREMENT, AUTO_INCREMENT=6;

--
-- AUTO_INCREMENT dla tabeli `repair_devices`
--
ALTER TABLE `repair_devices`
  MODIFY `id` int(11) NOT NULL AUTO_INCREMENT;

--
-- AUTO_INCREMENT dla tabeli `repair_devices_definitions_outofstorage`
--
ALTER TABLE `repair_devices_definitions_outofstorage`
  MODIFY `id` int(11) NOT NULL AUTO_INCREMENT;

--
-- AUTO_INCREMENT dla tabeli `repair_devices_id`
--
ALTER TABLE `repair_devices_id`
  MODIFY `id` int(2) NOT NULL AUTO_INCREMENT;

--
-- AUTO_INCREMENT dla tabeli `repair_devices_outofstorage`
--
ALTER TABLE `repair_devices_outofstorage`
  MODIFY `id` int(11) NOT NULL AUTO_INCREMENT;

--
-- AUTO_INCREMENT dla tabeli `repair_devices_outofstorage_history`
--
ALTER TABLE `repair_devices_outofstorage_history`
  MODIFY `id` int(11) NOT NULL AUTO_INCREMENT;

--
-- AUTO_INCREMENT dla tabeli `repair_status`
--
ALTER TABLE `repair_status`
  MODIFY `id` int(1) NOT NULL AUTO_INCREMENT, AUTO_INCREMENT=6;

--
-- AUTO_INCREMENT dla tabeli `service_request`
--
ALTER TABLE `service_request`
  MODIFY `id` int(11) NOT NULL AUTO_INCREMENT, AUTO_INCREMENT=85;

--
-- AUTO_INCREMENT dla tabeli `service_status`
--
ALTER TABLE `service_status`
  MODIFY `id` int(11) NOT NULL AUTO_INCREMENT, AUTO_INCREMENT=8;

--
-- AUTO_INCREMENT dla tabeli `storage`
--
ALTER TABLE `storage`
  MODIFY `id` int(11) NOT NULL AUTO_INCREMENT, AUTO_INCREMENT=2;

--
-- AUTO_INCREMENT dla tabeli `storage_automat_type`
--
ALTER TABLE `storage_automat_type`
  MODIFY `id` int(11) NOT NULL AUTO_INCREMENT, AUTO_INCREMENT=9;

--
-- AUTO_INCREMENT dla tabeli `users`
--
ALTER TABLE `users`
  MODIFY `id` int(11) NOT NULL AUTO_INCREMENT, AUTO_INCREMENT=9;

--
-- AUTO_INCREMENT dla tabeli `users_group`
--
ALTER TABLE `users_group`
  MODIFY `id` int(11) NOT NULL AUTO_INCREMENT, AUTO_INCREMENT=5;
COMMIT;

/*!40101 SET CHARACTER_SET_CLIENT=@OLD_CHARACTER_SET_CLIENT */;
/*!40101 SET CHARACTER_SET_RESULTS=@OLD_CHARACTER_SET_RESULTS */;
/*!40101 SET COLLATION_CONNECTION=@OLD_COLLATION_CONNECTION */;
